Timestamp (ms),Left Eye Center X,Left Eye Center Y,Right Eye Center X,Right Eye Center Y,Left Iris Relative Pos Dx,Left Iris Relative Pos Dy,Right Iris Relative Pos Dx,Right Iris Relative Pos Dy,Total Blink Count,Pitch,Yaw,Roll
1747809080146,463.0,240.5,387.5,235.0,88,5,-60,-5,0,0.0,0.0,0.0
1747809080146,463.0,240.5,387.5,235.0,88,5,-60,-5,0,0.0,0.0,0.0
1747809080200,464.0,239.5,387.0,233.5,91,6,-60,-6,0,-0.09639931646897537,-0.9612315108171838,-0.07960744159776212
1747809080200,464.0,239.5,387.0,233.5,91,6,-60,-6,0,-0.09639931646897537,-0.9612315108171838,-0.07960744159776212
1747809080271,464.5,240.0,387.5,234.5,90,6,-61,-5,0,-0.32648133669013646,-1.883394679344061,0.013277017599752305
1747809080271,464.5,240.0,387.5,234.5,90,6,-61,-5,0,-0.32648133669013646,-1.883394679344061,0.013277017599752305
1747809080318,464.5,240.0,387.5,235.0,89,6,-61,-5,0,-0.52754138890365,-2.332389151363886,0.08799084754194375
1747809080318,464.5,240.0,387.5,235.0,89,6,-61,-5,0,-0.52754138890365,-2.332389151363886,0.08799084754194375
1747809080390,466.0,240.5,388.0,234.0,91,7,-62,-6,0,-0.39772445053798133,-2.243458323628916,0.2163446946320695
1747809080390,466.0,240.5,388.0,234.0,91,7,-62,-6,0,-0.39772445053798133,-2.243458323628916,0.2163446946320695
1747809080451,465.0,241.0,388.0,235.0,90,7,-60,-6,0,-0.3318788021348711,-2.267978470062573,0.23552824896968794
1747809080451,465.0,241.0,388.0,235.0,90,7,-60,-6,0,-0.3318788021348711,-2.267978470062573,0.23552824896968794
1747809080508,465.5,241.0,389.0,235.5,90,6,-60,-6,0,-0.4783085568881189,-2.1628786059629235,0.18338726228016
1747809080508,465.5,241.0,389.0,235.5,90,6,-60,-6,0,-0.4783085568881189,-2.1628786059629235,0.18338726228016
1747809080571,466.0,241.0,388.5,235.0,90,7,-61,-5,0,-0.5402735705670061,-2.284951490290803,0.1554620560046054
1747809080571,466.0,241.0,388.5,235.0,90,7,-61,-5,0,-0.5402735705670061,-2.284951490290803,0.1554620560046054
1747809080631,464.5,241.0,387.0,234.5,90,7,-62,-6,0,-0.5573636272839497,-2.485025452364482,0.15391669002307395
1747809080631,464.5,241.0,387.0,234.5,90,7,-62,-6,0,-0.5573636272839497,-2.485025452364482,0.15391669002307395
1747809080689,462.0,241.0,386.5,234.0,88,8,-61,-7,0,-0.5467163946897724,-2.7990830438964363,0.21366836055439276
1747809080689,462.0,241.0,386.5,234.0,88,8,-61,-7,0,-0.5467163946897724,-2.7990830438964363,0.21366836055439276
1747809080756,462.0,239.5,385.5,233.5,89,6,-61,-6,0,-0.6588696853279945,-3.022722700021509,0.18547901512068865
1747809080756,462.0,239.5,385.5,233.5,89,6,-61,-6,0,-0.6588696853279945,-3.022722700021509,0.18547901512068865
1747809080815,460.0,240.5,384.5,237.0,89,4,-59,-2,0,-0.7101366566354503,-2.802224083252076,0.1131265692869734
1747809080815,460.0,240.5,384.5,237.0,89,4,-59,-2,0,-0.7101366566354503,-2.802224083252076,0.1131265692869734
1747809080876,457.5,241.0,381.5,237.0,90,4,-61,-3,0,-0.7146497602471218,-2.241377274376857,-0.0354914927514276
1747809080876,457.5,241.0,381.5,237.0,90,4,-61,-3,0,-0.7146497602471218,-2.241377274376857,-0.0354914927514276
1747809080934,455.0,240.5,379.0,236.0,91,4,-60,-4,0,-0.7563553649808252,-1.266918879770282,-0.27777667367486103
1747809080934,455.0,240.5,379.0,236.0,91,4,-60,-4,0,-0.7563553649808252,-1.266918879770282,-0.27777667367486103
1747809080992,451.5,240.5,377.0,237.0,91,3,-58,-4,0,-0.9216120039735527,-0.4257570200171372,-0.6213194236486688
1747809080992,451.5,240.5,377.0,237.0,91,3,-58,-4,0,-0.9216120039735527,-0.4257570200171372,-0.6213194236486688
1747809081055,448.5,242.5,374.0,238.5,90,4,-60,-6,0,-1.2806824248564368,0.35331789264630586,-0.9091404647870283
1747809081055,448.5,242.5,374.0,238.5,90,4,-60,-6,0,-1.2806824248564368,0.35331789264630586,-0.9091404647870283
1747809081111,446.0,243.5,372.0,239.0,89,5,-58,-6,0,-1.4300730474964611,1.6558246707814046,-1.1387764528535094
1747809081111,446.0,243.5,372.0,239.0,89,5,-58,-6,0,-1.4300730474964611,1.6558246707814046,-1.1387764528535094
1747809081173,446.0,245.5,369.5,240.0,91,5,-61,-6,0,-1.5102803455493357,3.5128195869067866,-1.404949796046946
1747809081173,446.0,245.5,369.5,240.0,91,5,-61,-6,0,-1.5102803455493357,3.5128195869067866,-1.404949796046946
1747809081235,446.0,246.5,367.0,241.0,94,5,-62,-6,0,-1.6807181634968886,5.48484543404793,-1.7640676129576738
1747809081235,446.0,246.5,367.0,241.0,94,5,-62,-6,0,-1.6807181634968886,5.48484543404793,-1.7640676129576738
1747809081296,444.5,246.5,367.0,242.0,92,5,-60,-6,0,-2.0249416392557036,8.353669010796168,-2.2196603543942546
1747809081296,444.5,246.5,367.0,242.0,92,5,-60,-6,0,-2.0249416392557036,8.353669010796168,-2.2196603543942546
1747809081355,444.5,248.0,366.0,243.0,92,6,-62,-6,0,-2.258922908811999,10.93650011128413,-2.570248480638072
1747809081355,444.5,248.0,366.0,243.0,92,6,-62,-6,0,-2.258922908811999,10.93650011128413,-2.570248480638072
1747809081412,445.0,249.0,367.0,244.0,92,6,-61,-6,0,-2.615038642375879,13.380826830110973,-2.864233664104106
1747809081412,445.0,249.0,367.0,244.0,92,6,-61,-6,0,-2.615038642375879,13.380826830110973,-2.864233664104106
1747809081476,445.5,249.0,367.0,244.0,92,6,-62,-6,0,-3.0139150373284993,15.548638795681551,-3.1142392754845547
1747809081476,445.5,249.0,367.0,244.0,92,6,-62,-6,0,-3.0139150373284993,15.548638795681551,-3.1142392754845547
1747809081533,446.5,250.0,367.5,244.0,93,6,-62,-7,0,-3.364159759744436,17.619223003119593,-3.28931670667775
1747809081533,446.5,250.0,367.5,244.0,93,6,-62,-7,0,-3.364159759744436,17.619223003119593,-3.28931670667775
1747809081595,447.0,250.5,368.5,244.5,93,7,-61,-8,0,-3.775866687480743,19.72081844542121,-3.3267845305783386
1747809081595,447.0,250.5,368.5,244.5,93,7,-61,-8,0,-3.775866687480743,19.72081844542121,-3.3267845305783386
1747809081655,448.5,250.0,369.0377502441406,243.97169494628906,93,7,-61,-8,0,-4.054256699025112,22.265207201414093,-3.379289076142907
1747809081655,448.5,250.0,369.0377502441406,243.97169494628906,93,7,-61,-8,0,-4.054256699025112,22.265207201414093,-3.379289076142907
1747809081716,448.5,250.5,370.5,244.5,92,7,-61,-8,0,-4.329104640590373,23.912967247645696,-3.4385789814216996
1747809081716,448.5,250.5,370.5,244.5,92,7,-61,-8,0,-4.329104640590373,23.912967247645696,-3.4385789814216996
1747809081773,450.0,251.0,370.9666748046875,245.03334045410156,93,8,-63,-7,0,-4.783426265755193,24.947960576510148,-3.4208873402032043
1747809081773,450.0,251.0,370.9666748046875,245.03334045410156,93,8,-63,-7,0,-4.783426265755193,24.947960576510148,-3.4208873402032043
1747809081831,451.5,250.0,371.5,244.0,93,8,-63,-8,0,-5.134937053681813,26.50189016981679,-3.3390634755488557
1747809081831,451.5,250.0,371.5,244.0,93,8,-63,-8,0,-5.134937053681813,26.50189016981679,-3.3390634755488557
1747809081895,452.5,251.0,372.5,243.5,93,8,-63,-9,0,-5.282730752682719,26.833120714314795,-3.1694504314878627
1747809081895,452.5,251.0,372.5,243.5,93,8,-63,-9,0,-5.282730752682719,26.833120714314795,-3.1694504314878627
1747809081953,454.0,252.0,374.5,244.5,93,9,-63,-8,0,-5.396452628274306,27.32300915004364,-3.0071155307383113
1747809081953,454.0,252.0,374.5,244.5,93,9,-63,-8,0,-5.396452628274306,27.32300915004364,-3.0071155307383113
1747809082013,457.5,251.5,377.5,243.5,94,9,-62,-9,0,-5.58647790523689,27.63494531206708,-2.7544684544386717
1747809082013,457.5,251.5,377.5,243.5,94,9,-62,-9,0,-5.58647790523689,27.63494531206708,-2.7544684544386717
1747809082074,459.0,252.0,378.5,243.5,94,10,-63,-9,0,-5.55290961704757,28.03002819326288,-2.522593377449635
1747809082074,459.0,252.0,378.5,243.5,94,10,-63,-9,0,-5.55290961704757,28.03002819326288,-2.522593377449635
1747809082132,461.0,252.0,380.5,243.5,94,10,-63,-9,0,-5.592143289033396,28.021918624779147,-2.2227000546398754
1747809082132,461.0,252.0,380.5,243.5,94,10,-63,-9,0,-5.592143289033396,28.021918624779147,-2.2227000546398754
1747809082195,463.0,251.5,382.5,243.5,95,9,-62,-9,0,-5.616588053482468,28.282017951099412,-2.0428576233690876
1747809082195,463.0,251.5,382.5,243.5,95,9,-62,-9,0,-5.616588053482468,28.282017951099412,-2.0428576233690876
1747809082252,464.0,252.0,383.5,244.0,95,9,-63,-9,0,-5.373044423422416,28.115369350832395,-1.9052615336577858
1747809082252,464.0,252.0,383.5,244.0,95,9,-63,-9,0,-5.373044423422416,28.115369350832395,-1.9052615336577858
1747809082313,465.5,253.0,384.9666748046875,244.03334045410156,94,10,-63,-9,0,-5.265002773726755,28.095383285077055,-1.6986337438392924
1747809082313,465.5,253.0,384.9666748046875,244.03334045410156,94,10,-63,-9,0,-5.265002773726755,28.095383285077055,-1.6986337438392924
1747809082379,467.0,251.5,386.5,243.5,95,9,-62,-9,0,-5.12553001471633,28.35508498242558,-1.5673419113978113
1747809082379,467.0,251.5,386.5,243.5,95,9,-62,-9,0,-5.12553001471633,28.35508498242558,-1.5673419113978113
1747809082440,468.5,252.0,387.5,243.5,94,10,-63,-9,0,-5.045097539650834,27.848089290221843,-1.3431378113930075
1747809082440,468.5,252.0,387.5,243.5,94,10,-63,-9,0,-5.045097539650834,27.848089290221843,-1.3431378113930075
1747809082497,469.5,252.5,389.0,243.5,95,11,-62,-10,0,-5.187516128018191,27.85032426277585,-1.1594636651115158
1747809082497,469.5,252.5,389.0,243.5,95,11,-62,-10,0,-5.187516128018191,27.85032426277585,-1.1594636651115158
1747809082552,470.5,252.5,390.5,242.5,94,11,-62,-11,0,-5.289173072027637,27.447654510643503,-0.9313192895795384
1747809082552,470.5,252.5,390.5,242.5,94,11,-62,-11,0,-5.289173072027637,27.447654510643503,-0.9313192895795384
1747809082619,471.5,252.0,391.5,243.0,95,10,-62,-9,0,-5.150134279941656,26.936994663897984,-0.8155699006923873
1747809082619,471.5,252.0,391.5,243.0,95,10,-62,-9,0,-5.150134279941656,26.936994663897984,-0.8155699006923873
1747809082677,470.5,255.0,392.5,246.5,93,10,-61,-7,0,-5.063179285897974,26.894973754989564,-0.7232734771099354
1747809082677,470.5,255.0,392.5,246.5,93,10,-61,-7,0,-5.063179285897974,26.894973754989564,-0.7232734771099354
1747809082740,472.0,253.0,393.0,245.5,96,8,-61,-6,0,-4.953147526631199,26.449656178700536,-0.7134709991492016
1747809082740,472.0,253.0,393.0,245.5,96,8,-61,-6,0,-4.953147526631199,26.449656178700536,-0.7134709991492016
1747809082794,473.0,251.0,393.5,243.5,95,9,-62,-8,0,-4.902777284994178,25.997566356054428,-0.6393649273293818
1747809082794,473.0,251.0,393.5,243.5,95,9,-62,-8,0,-4.902777284994178,25.997566356054428,-0.6393649273293818
1747809082855,472.5,251.0,392.0,241.5,95,11,-62,-10,0,-4.9195059739957685,25.36577709761686,-0.4678307698990105
1747809082855,472.5,251.0,392.0,241.5,95,11,-62,-10,0,-4.9195059739957685,25.36577709761686,-0.4678307698990105
1747809082919,472.0,251.0,390.5,241.5,96,11,-64,-11,0,-4.976766437864873,24.56404214843514,-0.3851821552740091
1747809082919,472.0,251.0,390.5,241.5,96,11,-64,-11,0,-4.976766437864873,24.56404214843514,-0.3851821552740091
1747809082977,471.5,251.0,390.5,241.5,95,11,-63,-11,0,-4.883372602885094,23.70353122874464,-0.2642971310944233
1747809082977,471.5,251.0,390.5,241.5,95,11,-63,-11,0,-4.883372602885094,23.70353122874464,-0.2642971310944233
1747809083038,471.5,250.5,390.5,240.5,96,11,-62,-11,0,-4.8338777886045134,22.865588246767004,-0.2115449578984645
1747809083038,471.5,250.5,390.5,240.5,96,11,-62,-11,0,-4.8338777886045134,22.865588246767004,-0.2115449578984645
1747809083099,470.5,249.5,390.0,240.5,95,10,-62,-10,0,-4.678186267993027,22.47222277259425,-0.2108217948605482
1747809083099,470.5,249.5,390.0,240.5,95,10,-62,-10,0,-4.678186267993027,22.47222277259425,-0.2108217948605482
1747809083159,469.5,251.0,390.5,241.0,95,12,-61,-10,0,-4.567516325094542,22.270141221065657,-0.2615920469682598
1747809083159,469.5,251.0,390.5,241.0,95,12,-61,-10,0,-4.567516325094542,22.270141221065657,-0.2615920469682598
1747809083216,466.0,252.5,390.0,245.5,92,7,-61,-5,0,-4.372570483524171,22.05780119883749,-0.3458934504331834
1747809083216,466.0,252.5,390.0,245.5,92,7,-61,-5,0,-4.372570483524171,22.05780119883749,-0.3458934504331834
1747809083280,468.0,251.0,390.5,244.5,94,7,-62,-5,0,-4.27955864945848,21.737498753567195,-0.3871331913190881
1747809083280,468.0,251.0,390.5,244.5,94,7,-62,-5,0,-4.27955864945848,21.737498753567195,-0.3871331913190881
1747809083336,469.0,249.0,390.0,241.5,95,8,-62,-6,0,-4.312955786378069,21.53615330612629,-0.40895513255703175
1747809083336,469.0,249.0,390.0,241.5,95,8,-62,-6,0,-4.312955786378069,21.53615330612629,-0.40895513255703175
1747809083397,468.0,248.5,388.5,240.5,95,9,-62,-9,0,-4.123205971345811,20.887221809273058,-0.4157021736137896
1747809083397,468.0,248.5,388.5,240.5,95,9,-62,-9,0,-4.123205971345811,20.887221809273058,-0.4157021736137896
1747809083460,467.4347839355469,248.42391967773438,388.0,239.5,95,10,-62,-10,0,-3.9936634280315646,20.525192302624003,-0.455476457330807
1747809083460,467.4347839355469,248.42391967773438,388.0,239.5,95,10,-62,-10,0,-3.9936634280315646,20.525192302624003,-0.455476457330807
1747809083519,467.0,248.0,386.5,239.5,96,9,-62,-10,0,-3.8436947626781004,20.26116971069439,-0.47976885213783493
1747809083519,467.0,248.0,386.5,239.5,96,9,-62,-10,0,-3.8436947626781004,20.26116971069439,-0.47976885213783493
1747809083580,465.5,248.0,386.0,238.5,95,10,-62,-10,0,-3.8754550031576143,19.89178276697846,-0.5386412353885586
1747809083580,465.5,248.0,386.0,238.5,95,10,-62,-10,0,-3.8754550031576143,19.89178276697846,-0.5386412353885586
1747809083640,464.5,248.0,385.0,239.5,95,10,-61,-9,0,-3.7397582807193457,19.73690058673173,-0.6180499849980476
1747809083640,464.5,248.0,385.0,239.5,95,10,-61,-9,0,-3.7397582807193457,19.73690058673173,-0.6180499849980476
1747809083700,463.5,247.0,383.5,239.5,96,9,-62,-9,0,-3.5754893285255376,18.976549816562283,-0.6235640260635567
1747809083700,463.5,247.0,383.5,239.5,96,9,-62,-9,0,-3.5754893285255376,18.976549816562283,-0.6235640260635567
1747809083760,463.0,247.0,383.0,238.5,96,10,-62,-10,0,-3.538889594495262,18.25666008035862,-0.6332339700331309
1747809083760,463.0,247.0,383.0,238.5,96,10,-62,-10,0,-3.538889594495262,18.25666008035862,-0.6332339700331309
1747809083814,460.0,247.0,380.0,238.5,96,10,-61,-10,0,-3.6977899136929695,17.573590034521743,-0.5764997629805215
1747809083814,460.0,247.0,380.0,238.5,96,10,-61,-10,0,-3.6977899136929695,17.573590034521743,-0.5764997629805215
1747809083876,450.5,249.0,369.5,237.5,97,14,-63,-12,0,-3.931503024212671,17.02596000432728,-0.566371215186102
1747809083876,450.5,249.0,369.5,237.5,97,14,-63,-12,0,-3.931503024212671,17.02596000432728,-0.566371215186102
1747809083937,438.0,249.5,353.0377502441406,234.97169494628906,99,16,-66,-15,0,-3.7676751686170125,16.309492085752144,-0.34894958544967114
1747809083937,438.0,249.5,353.0377502441406,234.97169494628906,99,16,-66,-15,0,-3.7676751686170125,16.309492085752144,-0.34894958544967114
1747809084000,419.0,248.0,334.5,234.0,97,16,-68,-13,0,-3.8278011298893,15.858176826464812,-0.21669384127106284
1747809084000,419.0,248.0,334.5,234.0,97,16,-68,-13,0,-3.8278011298893,15.858176826464812,-0.21669384127106284
1747809084059,399.5,248.0,316.0,236.0,98,13,-60,-11,0,-3.970448495342231,16.143867048179956,-0.3734561641413361
1747809084059,399.5,248.0,316.0,236.0,98,13,-60,-11,0,-3.970448495342231,16.143867048179956,-0.3734561641413361
1747809084121,384.5,248.5,296.0,236.5,102,14,-70,-9,0,-3.805219657446915,15.566379521461336,-0.3097159363252171
1747809084121,384.5,248.5,296.0,236.5,102,14,-70,-9,0,-3.805219657446915,15.566379521461336,-0.3097159363252171
1747809084184,373.5,236.0,290.0,229.5,100,8,-63,-7,0,-3.765864164228338,13.734660511460504,-0.29699473604145066
1747809084184,373.5,236.0,290.0,229.5,100,8,-63,-7,0,-3.765864164228338,13.734660511460504,-0.29699473604145066
1747809084238,372.5,235.5,288.5,230.5,99,6,-64,-5,0,-3.7677596160020475,12.433856279236881,-0.4252031926233615
1747809084238,372.5,235.5,288.5,230.5,99,6,-64,-5,0,-3.7677596160020475,12.433856279236881,-0.4252031926233615
1747809084302,374.0,245.0,289.5,239.5,100,6,-66,-7,0,-3.458578697649304,11.585896758232487,-0.67112551597583
1747809084302,374.0,245.0,289.5,239.5,100,6,-66,-7,0,-3.458578697649304,11.585896758232487,-0.67112551597583
1747809084362,375.0,239.5,288.5,237.0,102,3,-67,-4,0,-3.451583518492674,10.741740098653555,-1.0705978937810379
1747809084362,375.0,239.5,288.5,237.0,102,3,-67,-4,0,-3.451583518492674,10.741740098653555,-1.0705978937810379
1747809084420,378.5,239.0,290.5,235.5,103,4,-69,-5,0,-3.377962368805006,10.24993471546896,-1.4530679038352847
1747809084420,378.5,239.0,290.5,235.5,103,4,-69,-5,0,-3.377962368805006,10.24993471546896,-1.4530679038352847
1747809084483,380.5,245.5,293.0,242.0,102,4,-69,-4,0,-3.048916981831061,10.224577989829262,-1.895831118459224
1747809084483,380.5,245.5,293.0,242.0,102,4,-69,-4,0,-3.048916981831061,10.224577989829262,-1.895831118459224
1747809084541,383.5,242.5,296.0,240.0,102,2,-68,-4,0,-3.2531489822735864,10.52742038711084,-2.5796610474038464
1747809084541,383.5,242.5,296.0,240.0,102,2,-68,-4,0,-3.2531489822735864,10.52742038711084,-2.5796610474038464
1747809084603,386.5,238.5,297.5,236.0,104,3,-71,-3,0,-3.1511320611879965,10.628144336779796,-3.1856505188433357
1747809084603,386.5,238.5,297.5,236.0,104,3,-71,-3,0,-3.1511320611879965,10.628144336779796,-3.1856505188433357
1747809084663,389.0,244.5,299.0,241.5,104,4,-69,-4,0,-3.032200472183459,10.390355454964801,-3.471198726939896
1747809084663,389.0,244.5,299.0,241.5,104,4,-69,-4,0,-3.032200472183459,10.390355454964801,-3.471198726939896
1747809084723,389.5,247.5,300.0,244.0,104,3,-70,-5,0,-3.053189945484152,11.038456031816809,-3.9427395875932048
1747809084723,389.5,247.5,300.0,244.0,104,3,-70,-5,0,-3.053189945484152,11.038456031816809,-3.9427395875932048
1747809084783,390.5,244.0,300.0,239.0,106,6,-70,-6,0,-3.1396677247680573,12.911106009904156,-4.260716217224194
1747809084783,390.5,244.0,300.0,239.0,106,6,-70,-6,0,-3.1396677247680573,12.911106009904156,-4.260716217224194
1747809084842,389.5,248.5,299.0,242.0,106,7,-70,-7,0,-3.2550227556685964,14.585251978761892,-4.427426358494934
1747809084842,389.5,248.5,299.0,242.0,106,7,-70,-7,0,-3.2550227556685964,14.585251978761892,-4.427426358494934
1747809084905,387.5,251.0,297.0294189453125,245.9705810546875,105,6,-71,-8,0,-3.525480349833887,15.954579638226603,-4.473869254751725
1747809084905,387.5,251.0,297.0294189453125,245.9705810546875,105,6,-71,-8,0,-3.525480349833887,15.954579638226603,-4.473869254751725
1747809084963,385.5,250.0,294.0,243.9375,105,7,-73,-8,0,-3.5390318717787554,17.570461284785964,-4.389856922190276
1747809084963,385.5,250.0,294.0,243.9375,105,7,-73,-8,0,-3.5390318717787554,17.570461284785964,-4.389856922190276
1747809085023,383.5,251.5,298.0333251953125,249.96665954589844,104,3,-66,-2,0,-3.6725251951460622,19.390052343583637,-4.439518237113058
1747809085023,383.5,251.5,298.0333251953125,249.96665954589844,104,3,-66,-2,0,-3.6725251951460622,19.390052343583637,-4.439518237113058
1747809085084,386.0,257.5,299.0333251953125,252.96665954589844,105,5,-67,-3,0,-3.7676430332502004,20.250095341719515,-4.409833217769592
1747809085084,386.0,257.5,299.0333251953125,252.96665954589844,105,5,-67,-3,0,-3.7676430332502004,20.250095341719515,-4.409833217769592
1747809085140,386.0,252.5,299.0282897949219,249.03773498535156,104,4,-68,-3,0,-3.7859235639113162,21.297271214787003,-4.3103490273114184
1747809085140,386.0,252.5,299.0282897949219,249.03773498535156,104,4,-68,-3,0,-3.7859235639113162,21.297271214787003,-4.3103490273114184
1747809085203,391.0,251.0,298.5,246.0,107,6,-72,-6,0,-4.000060410200319,22.60465040315802,-4.186417483951855
1747809085203,391.0,251.0,298.5,246.0,107,6,-72,-6,0,-4.000060410200319,22.60465040315802,-4.186417483951855
1747809085259,392.0,252.0,300.9705810546875,247.0294189453125,107,6,-70,-6,0,-4.105088746992456,23.356489485021825,-4.1166404629985855
1747809085259,392.0,252.0,300.9705810546875,247.0294189453125,107,6,-70,-6,0,-4.105088746992456,23.356489485021825,-4.1166404629985855
1747809085321,394.5,251.0,302.0255432128906,244.03285217285156,107,8,-70,-8,0,-4.395305938891542,24.375536032513313,-4.021701484131411
1747809085321,394.5,251.0,302.0255432128906,244.03285217285156,107,8,-70,-8,0,-4.395305938891542,24.375536032513313,-4.021701484131411
1747809085381,395.5,250.0,304.0294189453125,242.9705810546875,106,9,-70,-9,0,-4.4696676422703945,25.451058630355227,-3.923150868045566
1747809085381,395.5,250.0,304.0294189453125,242.9705810546875,106,9,-70,-9,0,-4.4696676422703945,25.451058630355227,-3.923150868045566
1747809085439,396.0,250.5,304.5,243.5,107,8,-71,-8,0,-4.479331849830075,26.045552569782544,-3.897611541761756
1747809085439,396.0,250.5,304.5,243.5,107,8,-71,-8,0,-4.479331849830075,26.045552569782544,-3.897611541761756
1747809085501,397.0,250.0,305.0255432128906,243.03285217285156,108,8,-70,-8,0,-4.69888615244192,26.40271817239683,-3.910214733259257
1747809085501,397.0,250.0,305.0255432128906,243.03285217285156,108,8,-70,-8,0,-4.69888615244192,26.40271817239683,-3.910214733259257
1747809085562,396.0,251.5,304.5,246.5,109,6,-71,-5,0,-4.828285092910084,26.45580031639495,-3.9404997140079554
1747809085562,396.0,251.5,304.5,246.5,109,6,-71,-5,0,-4.828285092910084,26.45580031639495,-3.9404997140079554
1747809085624,395.0,254.5,311.0282897949219,250.03773498535156,104,5,-65,-3,0,-4.691569298084877,26.2982832259003,-3.9108462104994706
1747809085624,395.0,254.5,311.0282897949219,250.03773498535156,104,5,-65,-3,0,-4.691569298084877,26.2982832259003,-3.9108462104994706
1747809085687,397.0,253.5,315.0,249.5,103,4,-63,-3,0,-4.757226273636812,26.069258465451618,-3.8664060193150442
1747809085687,397.0,253.5,315.0,249.5,103,4,-63,-3,0,-4.757226273636812,26.069258465451618,-3.8664060193150442
1747809085748,398.0,254.5,316.5,250.5,102,4,-63,-4,0,-4.543619211018307,25.92368519916684,-3.814790572954788
1747809085748,398.0,254.5,316.5,250.5,102,4,-63,-4,0,-4.543619211018307,25.92368519916684,-3.814790572954788
1747809085807,398.5,254.5,317.5,249.5,101,4,-63,-5,1,-4.29344393818005,25.2385556862897,-3.7509736547811725
1747809085807,398.5,254.5,317.5,249.5,101,4,-63,-5,1,-4.29344393818005,25.2385556862897,-3.7509736547811725
1747809085864,401.5,253.5,317.0,248.5,103,4,-65,-5,1,-4.1257653949679876,24.73251066629379,-3.7287258352640693
1747809085864,401.5,253.5,317.0,248.5,103,4,-65,-5,1,-4.1257653949679876,24.73251066629379,-3.7287258352640693
1747809085924,400.0,252.0,318.5,247.5,102,4,-64,-5,1,-3.8915966106026643,24.150264324340874,-3.7550887114054037
1747809085924,400.0,252.0,318.5,247.5,102,4,-64,-5,1,-3.8915966106026643,24.150264324340874,-3.7550887114054037
1747809085985,402.0,251.0,313.5,246.5,108,6,-70,-4,1,-3.8580053985986265,23.341977313795486,-3.8369211290957246
1747809085985,402.0,251.0,313.5,246.5,108,6,-70,-4,1,-3.8580053985986265,23.341977313795486,-3.8369211290957246
1747809086047,405.5,249.0,313.5,243.5,108,6,-72,-7,2,-3.8422205981311492,23.140862913926995,-3.8788095632990838
1747809086047,405.5,249.0,313.5,243.5,108,6,-72,-7,2,-3.8422205981311492,23.140862913926995,-3.8788095632990838
1747809086104,406.5,250.5,313.5,243.5,108,7,-72,-8,2,-3.7144966308631755,22.96377687325593,-3.8432356882122067
1747809086104,406.5,250.5,313.5,243.5,108,7,-72,-8,2,-3.7144966308631755,22.96377687325593,-3.8432356882122067
1747809086167,405.5,251.0,314.5,244.0,106,7,-71,-8,2,-3.50143423879324,22.92525262466252,-3.8120540449758717
1747809086167,405.5,251.0,314.5,244.0,106,7,-71,-8,2,-3.50143423879324,22.92525262466252,-3.8120540449758717
1747809086224,406.5,250.0,314.5,242.5,108,8,-72,-8,2,-3.5121627174828802,22.423907727389036,-3.642608355042067
1747809086224,406.5,250.0,314.5,242.5,108,8,-72,-8,2,-3.5121627174828802,22.423907727389036,-3.642608355042067
1747809086287,405.5,249.0,313.0,241.9375,108,7,-71,-8,2,-3.5324475184728694,22.00605859219361,-3.507287056738307
1747809086287,405.5,249.0,313.0,241.9375,108,7,-71,-8,2,-3.5324475184728694,22.00605859219361,-3.507287056738307
1747809086347,404.5,250.0,314.0,242.5,107,8,-70,-8,2,-3.6051300494704748,21.433828459758487,-3.3935434287505974
1747809086347,404.5,250.0,314.0,242.5,107,8,-70,-8,2,-3.6051300494704748,21.433828459758487,-3.3935434287505974
1747809086407,404.5,248.0,313.5,241.0,106,7,-71,-8,2,-3.635738802629379,21.336689193085455,-3.324394206467093
1747809086407,404.5,248.0,313.5,241.0,106,7,-71,-8,2,-3.635738802629379,21.336689193085455,-3.324394206467093
1747809086467,404.0,247.5,313.0,241.0,107,6,-70,-7,2,-3.7253343832943697,21.295816387948285,-3.2809719953703604
1747809086467,404.0,247.5,313.0,241.0,107,6,-70,-7,2,-3.7253343832943697,21.295816387948285,-3.2809719953703604
1747809086523,402.5,248.0,313.0,241.0,106,8,-69,-8,2,-3.8482646398750804,21.03815559065642,-3.1923152920223967
1747809086523,402.5,248.0,313.0,241.0,106,8,-69,-8,2,-3.8482646398750804,21.03815559065642,-3.1923152920223967
1747809086587,402.5,247.0,313.0,240.5,106,7,-69,-8,2,-3.6706524651318686,20.789962507865653,-3.1129552550283863
1747809086587,402.5,247.0,313.0,240.5,106,7,-69,-8,2,-3.6706524651318686,20.789962507865653,-3.1129552550283863
1747809086647,402.5,246.0,313.0,239.5,106,7,-68,-8,2,-3.4703539774692587,19.9229849499688,-2.9811580622671228
1747809086647,402.5,246.0,313.0,239.5,106,7,-68,-8,2,-3.4703539774692587,19.9229849499688,-2.9811580622671228
1747809086708,402.0,246.0,313.5,239.5,106,7,-68,-8,2,-3.3492226403677963,19.433571844033793,-2.9172098455067323
1747809086708,402.0,246.0,313.5,239.5,106,7,-68,-8,2,-3.3492226403677963,19.433571844033793,-2.9172098455067323
1747809086767,401.5,248.5,312.5,244.5,107,5,-70,-2,2,-3.1876594550808477,18.95711002590399,-2.891640145321924
1747809086767,401.5,248.5,312.5,244.5,107,5,-70,-2,2,-3.1876594550808477,18.95711002590399,-2.891640145321924
1747809086828,400.0,248.0,314.5,243.0,105,6,-67,-3,2,-3.04436748040464,18.534167177866536,-2.8728757119892654
1747809086828,400.0,248.0,314.5,243.0,105,6,-67,-3,2,-3.04436748040464,18.534167177866536,-2.8728757119892654
1747809086884,398.5,248.0,314.5,243.0,103,6,-66,-3,2,-2.901210367616878,18.07250531200218,-2.813964832734107
1747809086884,398.5,248.0,314.5,243.0,103,6,-66,-3,2,-2.901210367616878,18.07250531200218,-2.813964832734107
1747809086941,399.5,247.5,314.0,242.5,104,5,-65,-3,2,-2.7211037726311647,17.632865958737536,-2.755879017654063
1747809086941,399.5,247.5,314.0,242.5,104,5,-65,-3,2,-2.7211037726311647,17.632865958737536,-2.755879017654063
1747809087008,398.5,246.5,313.5,242.0,103,4,-66,-2,2,-2.5033581141024968,17.39197757130176,-2.750597953831454
1747809087008,398.5,246.5,313.5,242.0,103,4,-66,-2,2,-2.5033581141024968,17.39197757130176,-2.750597953831454
1747809087067,402.5,246.0,313.0,241.5,108,5,-66,-3,2,-2.361468262410943,16.92182477127162,-2.6598678732043703
1747809087067,402.5,246.0,313.0,241.5,108,5,-66,-3,2,-2.361468262410943,16.92182477127162,-2.6598678732043703
1747809087124,397.0,246.5,312.5,241.0,104,5,-66,-3,2,-2.126596795915626,16.368001835598715,-2.6135023803766733
1747809087124,397.0,246.5,312.5,241.0,104,5,-66,-3,2,-2.126596795915626,16.368001835598715,-2.6135023803766733
1747809087184,398.5,246.0,312.0,241.0,105,5,-66,-3,2,-1.9315311094081524,16.285547571743372,-2.5400297913615932
1747809087184,398.5,246.0,312.0,241.0,105,5,-66,-3,2,-1.9315311094081524,16.285547571743372,-2.5400297913615932
1747809087252,400.0,245.5,310.5,240.5,109,5,-67,-3,2,-1.887005898956767,16.433280837757373,-2.5991494040554874
1747809087252,400.0,245.5,310.5,240.5,109,5,-67,-3,2,-1.887005898956767,16.433280837757373,-2.5991494040554874
1747809087310,397.0,245.5,310.0,240.0,107,5,-66,-3,2,-1.7959482186326738,16.27773354008118,-2.6323694496362866
1747809087310,397.0,245.5,310.0,240.0,107,5,-66,-3,2,-1.7959482186326738,16.27773354008118,-2.6323694496362866
1747809087366,398.0,244.5,307.0,240.5,110,4,-68,-2,2,-1.884551269402576,15.692630486844312,-2.5897330350870016
1747809087366,398.0,244.5,307.0,240.5,110,4,-68,-2,2,-1.884551269402576,15.692630486844312,-2.5897330350870016
1747809087427,394.5,244.0,306.5,238.0,105,6,-69,-7,3,-1.8668672726002766,15.213758586682731,-2.5781954367219133
1747809087427,394.5,244.0,306.5,238.0,105,6,-69,-7,3,-1.8668672726002766,15.213758586682731,-2.5781954367219133
1747809087491,395.0,243.0,308.0,237.0,103,6,-66,-6,3,-1.869959373071663,15.033328165311868,-2.52714782096467
1747809087491,395.0,243.0,308.0,237.0,103,6,-66,-6,3,-1.869959373071663,15.033328165311868,-2.52714782096467
1747809087548,393.5,243.5,306.5,238.0,103,5,-67,-6,3,-1.8165336811768587,14.97937521527038,-2.546369229891124
1747809087548,393.5,243.5,306.5,238.0,103,5,-67,-6,3,-1.8165336811768587,14.97937521527038,-2.546369229891124
1747809087607,393.5,244.0,306.5,237.5,103,7,-67,-7,3,-1.9258623687968877,14.508626773715374,-2.528261649994688
1747809087607,393.5,244.0,306.5,237.5,103,7,-67,-7,3,-1.9258623687968877,14.508626773715374,-2.528261649994688
1747809087671,393.5,244.0,306.5,237.0,103,7,-67,-7,3,-1.9456457895435673,14.335556272356735,-2.495021832820463
1747809087671,393.5,244.0,306.5,237.0,103,7,-67,-7,3,-1.9456457895435673,14.335556272356735,-2.495021832820463
1747809087731,393.5,244.0,306.5,237.5,103,7,-67,-7,3,-2.003988393455577,14.47244482615719,-2.4959458447295293
1747809087731,393.5,244.0,306.5,237.5,103,7,-67,-7,3,-2.003988393455577,14.47244482615719,-2.4959458447295293
1747809087787,393.0,244.0,306.5,237.0,103,7,-67,-7,3,-2.0529966325974387,14.439717813385817,-2.5550837002013087
1747809087787,393.0,244.0,306.5,237.0,103,7,-67,-7,3,-2.0529966325974387,14.439717813385817,-2.5550837002013087
1747809087851,393.0,243.5,305.5,237.0,105,7,-68,-7,3,-2.0391239760535935,13.857148550276028,-2.4770283460095595
1747809087851,393.0,243.5,305.5,237.0,105,7,-68,-7,3,-2.0391239760535935,13.857148550276028,-2.4770283460095595
1747809087911,392.5,243.5,306.0,237.0,103,6,-65,-7,3,-2.046119932332184,13.930160272165534,-2.499982978208064
1747809087911,392.5,243.5,306.0,237.0,103,6,-65,-7,3,-2.046119932332184,13.930160272165534,-2.499982978208064
1747809087971,392.5,244.0,305.5,238.0,102,7,-67,-6,3,-1.9159717506906562,14.231238158770791,-2.450907393495125
1747809087971,392.5,244.0,305.5,238.0,102,7,-67,-6,3,-1.9159717506906562,14.231238158770791,-2.450907393495125
1747809088028,392.0,243.0,305.5,236.5,104,7,-68,-7,3,-1.9071169543302942,14.351608201229682,-2.4290109284920054
1747809088028,392.0,243.0,305.5,236.5,104,7,-68,-7,3,-1.9071169543302942,14.351608201229682,-2.4290109284920054
1747809088086,393.0,242.0,307.0,237.5,104,5,-63,-4,3,-1.8742703663876936,14.399267799854456,-2.484140988111928
1747809088086,393.0,242.0,307.0,237.5,104,5,-63,-4,3,-1.8742703663876936,14.399267799854456,-2.484140988111928
1747809088148,390.0,245.5,307.0,241.0,101,4,-65,-2,3,-1.7979476734051048,14.332330236449089,-2.4803156230108794
1747809088148,390.0,245.5,307.0,241.0,101,4,-65,-2,3,-1.7979476734051048,14.332330236449089,-2.4803156230108794
1747809088212,393.5,243.0,308.0,238.5,104,5,-65,-3,3,-1.6199656249771266,14.401555588370702,-2.4877693516502535
1747809088212,393.5,243.0,308.0,238.5,104,5,-65,-3,3,-1.6199656249771266,14.401555588370702,-2.4877693516502535
1747809088271,394.0,243.0,307.5,238.0,104,5,-66,-4,3,-1.5521397333010754,14.304774119677894,-2.499346885151577
1747809088271,394.0,243.0,307.5,238.0,104,5,-66,-4,3,-1.5521397333010754,14.304774119677894,-2.499346885151577
1747809088328,393.0,243.0,306.5,236.5,104,7,-67,-7,3,-1.4596852930767854,13.897192068871206,-2.4649276547047694
1747809088328,393.0,243.0,306.5,236.5,104,7,-67,-7,3,-1.4596852930767854,13.897192068871206,-2.4649276547047694
1747809088391,393.5,242.0,306.5,235.5,104,7,-67,-7,3,-1.3528375517341065,13.669249202300074,-2.4300983699938454
1747809088391,393.5,242.0,306.5,235.5,104,7,-67,-7,3,-1.3528375517341065,13.669249202300074,-2.4300983699938454
1747809088449,393.0,242.0,306.5,236.0,103,7,-67,-7,3,-1.3095371479430638,13.90909256514232,-2.4443636691670423
1747809088449,393.0,242.0,306.5,236.0,103,7,-67,-7,3,-1.3095371479430638,13.90909256514232,-2.4443636691670423
1747809088508,393.0,243.0,306.5,235.5,103,8,-68,-8,3,-1.3059511930197774,13.664920478400575,-2.3622987627789023
1747809088508,393.0,243.0,306.5,235.5,103,8,-68,-8,3,-1.3059511930197774,13.664920478400575,-2.3622987627789023
1747809088569,394.0,242.0,308.0,235.0,103,7,-66,-7,3,-1.314591367712401,13.303472125253446,-2.2914305690599583
1747809088569,394.0,242.0,308.0,235.0,103,7,-66,-7,3,-1.314591367712401,13.303472125253446,-2.2914305690599583
1747809088631,393.5,242.0,307.5,235.0,103,7,-67,-8,3,-1.2410882694889604,13.526439646894715,-2.2929031623910214
1747809088631,393.5,242.0,307.5,235.0,103,7,-67,-8,3,-1.2410882694889604,13.526439646894715,-2.2929031623910214
1747809088692,393.5,242.0,308.5,235.0,102,8,-66,-7,3,-1.19023607382901,13.160371233861238,-2.1817698370387433
1747809088692,393.5,242.0,308.5,235.0,102,8,-66,-7,3,-1.19023607382901,13.160371233861238,-2.1817698370387433
1747809088748,394.5,241.0,309.0,234.5,103,7,-65,-7,3,-1.2243753700558555,13.12437947577386,-2.100014195973759
1747809088748,394.5,241.0,309.0,234.5,103,7,-65,-7,3,-1.2243753700558555,13.12437947577386,-2.100014195973759
1747809088810,394.5,242.0,308.0,235.5,103,7,-67,-8,3,-1.4946162897560553,12.832961597233712,-2.0205427180048936
1747809088810,394.5,242.0,308.0,235.5,103,7,-67,-8,3,-1.4946162897560553,12.832961597233712,-2.0205427180048936
1747809088873,394.5,242.5,310.0,235.5,102,7,-65,-8,3,-1.5214544018025746,12.734155960687804,-1.9635890017132542
1747809088873,394.5,242.5,310.0,235.5,102,7,-65,-8,3,-1.5214544018025746,12.734155960687804,-1.9635890017132542
1747809088933,395.5,243.0,310.0,234.5,102,9,-66,-8,3,-1.6095457079560358,12.967693269960808,-1.9227641743032748
1747809088933,395.5,243.0,310.0,234.5,102,9,-66,-8,3,-1.6095457079560358,12.967693269960808,-1.9227641743032748
1747809088996,395.0,243.0,310.5,237.5,104,6,-66,-4,3,-1.74353202479144,12.938372196066728,-1.9412992688756203
1747809088996,395.0,243.0,310.5,237.5,104,6,-66,-4,3,-1.74353202479144,12.938372196066728,-1.9412992688756203
1747809089052,397.5,245.0,313.0,238.5,103,7,-65,-5,3,-1.8297296559847158,12.95601479578832,-1.8660205642549483
1747809089052,397.5,245.0,313.0,238.5,103,7,-65,-5,3,-1.8297296559847158,12.95601479578832,-1.8660205642549483
1747809089115,400.5,243.5,314.5,238.0,104,5,-64,-3,3,-1.7219593309193133,13.23393416094871,-1.8589843601267049
1747809089115,400.5,243.5,314.5,238.0,104,5,-64,-3,3,-1.7219593309193133,13.23393416094871,-1.8589843601267049
1747809089172,400.5,244.0,314.0,238.5,105,6,-65,-4,3,-1.6499021323818681,13.417771299238101,-1.8485547451836783
1747809089172,400.5,244.0,314.0,238.5,105,6,-65,-4,3,-1.6499021323818681,13.417771299238101,-1.8485547451836783
1747809089232,401.0,244.0,315.5,238.0,104,6,-65,-5,3,-1.752420415835502,13.426087511011879,-1.7948196031436705
1747809089232,401.0,244.0,315.5,238.0,104,6,-65,-5,3,-1.752420415835502,13.426087511011879,-1.7948196031436705
1747809089291,399.5,243.0,314.5,237.0,103,6,-66,-4,3,-1.7000226478792628,13.83508954483089,-1.7787763845674478
1747809089291,399.5,243.0,314.5,237.0,103,6,-66,-4,3,-1.7000226478792628,13.83508954483089,-1.7787763845674478
1747809089355,400.5,244.0,315.0,237.5,104,6,-65,-5,3,-1.6344474033149794,13.94384456733685,-1.773197770925214
1747809089355,400.5,244.0,315.0,237.5,104,6,-65,-5,3,-1.6344474033149794,13.94384456733685,-1.773197770925214
1747809089412,401.0,243.0,316.5,237.0,103,6,-64,-4,3,-1.542689785838692,14.320188981597124,-1.696206311879716
1747809089412,401.0,243.0,316.5,237.0,103,6,-64,-4,3,-1.542689785838692,14.320188981597124,-1.696206311879716
1747809089475,401.5,242.0,315.5,236.0,105,6,-65,-4,3,-1.5084762001702305,14.293232642787622,-1.6631172146255597
1747809089475,401.5,242.0,315.5,236.0,105,6,-65,-4,3,-1.5084762001702305,14.293232642787622,-1.6631172146255597
1747809089535,400.5,243.0,315.0,237.5,105,6,-65,-5,3,-1.4192487679404682,14.172973128366143,-1.6205624340797637
1747809089535,400.5,243.0,315.0,237.5,105,6,-65,-5,3,-1.4192487679404682,14.172973128366143,-1.6205624340797637
1747809089596,400.5,244.0,315.0,237.0,104,8,-65,-5,3,-1.272663368674162,14.310664988691054,-1.5018497735073328
1747809089596,400.5,244.0,315.0,237.0,104,8,-65,-5,3,-1.272663368674162,14.310664988691054,-1.5018497735073328
1747809089652,398.5,242.0,312.5,237.5,104,5,-67,-3,3,-1.1957387382488234,14.37276366965526,-1.5122739535473952
1747809089652,398.5,242.0,312.5,237.5,104,5,-67,-3,3,-1.1957387382488234,14.37276366965526,-1.5122739535473952
1747809089716,401.0,243.0,314.0,237.5,107,6,-66,-4,3,-1.2863872110515242,14.24982415545017,-1.4743551152300363
1747809089716,401.0,243.0,314.0,237.5,107,6,-66,-4,3,-1.2863872110515242,14.24982415545017,-1.4743551152300363
1747809089772,399.5,242.0,311.5,237.5,106,5,-67,-4,3,-1.3862909835664023,14.25333383339013,-1.5140976608471108
1747809089772,399.5,242.0,311.5,237.5,106,5,-67,-4,3,-1.3862909835664023,14.25333383339013,-1.5140976608471108
1747809089832,397.0,242.0,311.5,236.0,103,6,-67,-5,4,-1.2818146071637813,14.179865178981668,-1.5211452742817082
1747809089832,397.0,242.0,311.5,236.0,103,6,-67,-5,4,-1.2818146071637813,14.179865178981668,-1.5211452742817082
1747809089896,394.0,242.0,309.0,235.5,101,7,-66,-7,4,-1.3263449335768005,13.741202560081145,-1.5045766162618577
1747809089896,394.0,242.0,309.0,235.5,101,7,-66,-7,4,-1.3263449335768005,13.741202560081145,-1.5045766162618577
1747809089954,396.0,243.0,309.5,236.0,103,8,-67,-6,4,-1.3548405947562063,13.183965860162433,-1.4064096368730787
1747809089954,396.0,243.0,309.5,236.0,103,8,-67,-6,4,-1.3548405947562063,13.183965860162433,-1.4064096368730787
1747809090015,394.5,242.0,308.0,235.0,102,8,-66,-7,4,-1.2907011127616812,12.511327373364772,-1.3877690982464221
1747809090015,394.5,242.0,308.0,235.0,102,8,-66,-7,4,-1.2907011127616812,12.511327373364772,-1.3877690982464221
1747809090074,394.0,242.0,308.5,235.0,102,7,-66,-7,4,-1.2377975824059408,12.09550516237777,-1.3534580162106113
1747809090074,394.0,242.0,308.5,235.0,102,7,-66,-7,4,-1.2377975824059408,12.09550516237777,-1.3534580162106113
1747809090136,393.5,242.0,307.5,235.5,102,7,-67,-7,4,-1.2276652507799835,12.172155277916463,-1.4045345020481212
1747809090136,393.5,242.0,307.5,235.5,102,7,-67,-7,4,-1.2276652507799835,12.172155277916463,-1.4045345020481212
1747809090195,393.5,242.0,307.5,234.5,102,8,-67,-8,4,-1.3214770922451127,11.627577657694864,-1.4167212322193103
1747809090195,393.5,242.0,307.5,234.5,102,8,-67,-8,4,-1.3214770922451127,11.627577657694864,-1.4167212322193103
1747809090256,393.5,242.0,307.5,234.5,102,8,-66,-8,4,-1.2439156118989185,11.147146045676465,-1.3638101523065052
1747809090256,393.5,242.0,307.5,234.5,102,8,-66,-8,4,-1.2439156118989185,11.147146045676465,-1.3638101523065052
1747809090316,393.5,242.0,309.5,235.5,102,7,-64,-6,4,-1.1489698565133555,10.501346852580957,-1.323650696706924
1747809090316,393.5,242.0,309.5,235.5,102,7,-64,-6,4,-1.1489698565133555,10.501346852580957,-1.323650696706924
1747809090375,395.5,245.0,309.0,239.5,103,7,-66,-3,4,-0.9813794254051889,10.495755072175442,-1.2811500218695029
1747809090375,395.5,245.0,309.0,239.5,103,7,-66,-3,4,-0.9813794254051889,10.495755072175442,-1.2811500218695029
1747809090435,395.0,244.0,311.0,239.5,102,5,-65,-3,4,-0.8411193694337786,10.446722361264984,-1.2780801400027233
1747809090435,395.0,244.0,311.0,239.5,102,5,-65,-3,4,-0.8411193694337786,10.446722361264984,-1.2780801400027233
1747809090496,397.5,242.0,313.0,236.5,103,6,-63,-5,4,-0.8392383744342968,10.629141803144528,-1.2832647135225095
1747809090496,397.5,242.0,313.0,236.5,103,6,-63,-5,4,-0.8392383744342968,10.629141803144528,-1.2832647135225095
1747809090557,395.0,241.0,310.0,235.5,104,6,-65,-5,4,-0.7905233040030595,11.105362719468163,-1.461116616910263
1747809090557,395.0,241.0,310.0,235.5,104,6,-65,-5,4,-0.7905233040030595,11.105362719468163,-1.461116616910263
1747809090619,395.0,242.0,310.0,235.5,103,8,-65,-7,4,-0.7494472257052625,11.29985258872962,-1.4890665686614835
1747809090619,395.0,242.0,310.0,235.5,103,8,-65,-7,4,-0.7494472257052625,11.29985258872962,-1.4890665686614835
1747809090677,395.0,242.0,309.0,234.5,103,8,-66,-8,4,-0.7628188346851656,11.277842775389677,-1.4749539198468327
1747809090677,395.0,242.0,309.0,234.5,103,8,-66,-8,4,-0.7628188346851656,11.277842775389677,-1.4749539198468327
1747809090739,395.0,241.0,309.5,234.0,102,8,-66,-8,4,-0.7071981733849046,10.787978765494667,-1.3815425773966803
1747809090739,395.0,241.0,309.5,234.0,102,8,-66,-8,4,-0.7071981733849046,10.787978765494667,-1.3815425773966803
1747809090799,395.0,242.0,309.5,234.5,103,8,-66,-7,4,-0.654744512477845,11.001914934074593,-1.3879293266459936
1747809090799,395.0,242.0,309.5,234.5,103,8,-66,-7,4,-0.654744512477845,11.001914934074593,-1.3879293266459936
1747809090858,394.5,242.0,309.5,235.0,101,8,-67,-7,4,-0.701971814150923,11.198928201958962,-1.373319089895599
1747809090858,394.5,242.0,309.5,235.0,101,8,-67,-7,4,-0.701971814150923,11.198928201958962,-1.373319089895599
1747809090919,395.5,242.0,309.5,234.5,102,8,-66,-8,4,-0.6203364311270487,11.4926672066877,-1.3700488754373925
1747809090919,395.5,242.0,309.5,234.5,102,8,-66,-8,4,-0.6203364311270487,11.4926672066877,-1.3700488754373925
1747809090975,395.0,241.5,310.0,235.5,103,6,-64,-5,4,-0.7063397774476359,11.240226850036523,-1.3768733918174014
1747809090975,395.0,241.5,310.0,235.5,103,6,-64,-5,4,-0.7063397774476359,11.240226850036523,-1.3768733918174014
1747809091035,396.0,244.5,311.5,238.5,102,6,-66,-3,4,-0.6341520204915838,11.409400694483494,-1.3761228585594045
1747809091035,396.0,244.5,311.5,238.5,102,6,-66,-3,4,-0.6341520204915838,11.409400694483494,-1.3761228585594045
1747809091098,397.5,243.0,312.0,237.0,104,6,-65,-4,4,-0.48650250802506,11.442432600237797,-1.40909817837412
1747809091098,397.5,243.0,312.0,237.0,104,6,-65,-4,4,-0.48650250802506,11.442432600237797,-1.40909817837412
1747809091156,397.0,241.5,313.0,235.0,102,6,-64,-6,4,-0.47141200454416055,11.672208771501014,-1.324306652397004
1747809091156,397.0,241.5,313.0,235.0,102,6,-64,-6,4,-0.47141200454416055,11.672208771501014,-1.324306652397004
1747809091219,395.0,241.0,310.5,234.5,102,7,-65,-7,4,-0.5125301927887538,11.486218289479691,-1.3024581068247079
1747809091219,395.0,241.0,310.5,234.5,102,7,-65,-7,4,-0.5125301927887538,11.486218289479691,-1.3024581068247079
1747809091280,395.5,241.5,310.0,234.0,101,8,-66,-8,4,-0.47083231910579304,11.816631428077885,-1.321880211404487
1747809091280,395.5,241.5,310.0,234.0,101,8,-66,-8,4,-0.47083231910579304,11.816631428077885,-1.321880211404487
1747809091339,395.5,242.0,310.5,234.0,101,8,-66,-7,4,-0.5482134388327013,12.334505554927318,-1.3857452644398265
1747809091339,395.5,242.0,310.5,234.0,101,8,-66,-7,4,-0.5482134388327013,12.334505554927318,-1.3857452644398265
1747809091396,395.0,242.0,310.5,233.5,102,10,-66,-9,4,-0.4740633415800293,11.789156209639117,-1.2754613503770278
1747809091396,395.0,242.0,310.5,233.5,102,10,-66,-9,4,-0.4740633415800293,11.789156209639117,-1.2754613503770278
1747809091460,396.0,242.0,310.5,233.5,102,9,-66,-9,4,-0.42776365604159405,11.620093782269715,-1.2719660659584795
1747809091460,396.0,242.0,310.5,233.5,102,9,-66,-9,4,-0.42776365604159405,11.620093782269715,-1.2719660659584795
1747809091519,395.0,241.5,309.5,234.0,102,8,-67,-8,4,-0.5581759482407049,11.451817257548104,-1.2671444792886746
1747809091519,395.0,241.5,309.5,234.0,102,8,-67,-8,4,-0.5581759482407049,11.451817257548104,-1.2671444792886746
1747809091580,395.0,241.5,310.0,234.0,101,8,-66,-8,4,-0.4954571420471918,11.317517534040254,-1.1871195730404303
1747809091580,395.0,241.5,310.0,234.0,101,8,-66,-8,4,-0.4954571420471918,11.317517534040254,-1.1871195730404303
1747809091635,395.0,241.5,310.0,233.5,100,8,-66,-8,4,-0.6785605089826081,10.604611931975441,-1.0974076950033478
1747809091635,395.0,241.5,310.0,233.5,100,8,-66,-8,4,-0.6785605089826081,10.604611931975441,-1.0974076950033478
1747809091697,396.5,242.5,310.5,233.5,102,9,-67,-8,4,-0.824191579468061,10.056887341675074,-0.9933054884817674
1747809091697,396.5,242.5,310.5,233.5,102,9,-67,-8,4,-0.824191579468061,10.056887341675074,-0.9933054884817674
1747809091756,397.5,242.5,310.5,234.0,102,9,-69,-9,4,-0.9049743225315607,9.424445495228554,-0.8683095034498152
1747809091756,397.5,242.5,310.5,234.0,102,9,-69,-9,4,-0.9049743225315607,9.424445495228554,-0.8683095034498152
1747809091820,396.5,242.0,311.5,233.5,101,9,-67,-9,4,-0.8971867003485441,9.315567999969616,-0.8224414373019684
1747809091820,396.5,242.0,311.5,233.5,101,9,-67,-9,4,-0.8971867003485441,9.315567999969616,-0.8224414373019684
1747809091879,398.5,242.5,312.0,234.0,102,9,-67,-9,4,-0.9251613463784993,9.198178343403738,-0.7772894336020171
1747809091879,398.5,242.5,312.0,234.0,102,9,-67,-9,4,-0.9251613463784993,9.198178343403738,-0.7772894336020171
1747809091937,399.0,242.0,313.5,234.0,102,9,-66,-8,4,-1.0460859642449636,9.243078648462406,-0.7848294575076178
1747809091937,399.0,242.0,313.5,234.0,102,9,-66,-8,4,-1.0460859642449636,9.243078648462406,-0.7848294575076178
1747809091999,400.0,241.5,313.5,234.0,104,8,-67,-8,4,-1.2320335035282115,9.994436572994262,-0.9059852967654072
1747809091999,400.0,241.5,313.5,234.0,104,8,-67,-8,4,-1.2320335035282115,9.994436572994262,-0.9059852967654072
1747809092059,401.5,242.0,315.5,234.0,103,9,-67,-8,4,-1.4471390335375585,10.579856859748817,-0.9960147186569861
1747809092059,401.5,242.0,315.5,234.0,103,9,-67,-8,4,-1.4471390335375585,10.579856859748817,-0.9960147186569861
1747809092123,404.0,242.0,316.0,234.5,104,9,-68,-9,4,-1.6802308148971488,11.232878668305656,-1.0676236146501266
1747809092123,404.0,242.0,316.0,234.5,104,9,-68,-9,4,-1.6802308148971488,11.232878668305656,-1.0676236146501266
1747809092181,406.5,242.0,319.5,234.5,104,8,-68,-9,4,-2.0114579830322983,12.033210082596778,-1.2043604730692117
1747809092181,406.5,242.0,319.5,234.5,104,8,-68,-9,4,-2.0114579830322983,12.033210082596778,-1.2043604730692117
1747809092235,412.0,243.0,323.0,235.0,106,9,-69,-9,4,-2.284044831110066,12.737653844617995,-1.2889744069458455
1747809092235,412.0,243.0,323.0,235.0,106,9,-69,-9,4,-2.284044831110066,12.737653844617995,-1.2889744069458455
1747809092301,414.5,243.0,326.5,235.0,105,9,-69,-9,4,-2.550790534511682,13.897156604488853,-1.445489592171631
1747809092301,414.5,243.0,326.5,235.0,105,9,-69,-9,4,-2.550790534511682,13.897156604488853,-1.445489592171631
1747809092359,418.5,244.0,330.5,235.5,105,10,-69,-10,4,-2.8094688665374834,14.53079456859655,-1.555349445289635
1747809092359,418.5,244.0,330.5,235.5,105,10,-69,-10,4,-2.8094688665374834,14.53079456859655,-1.555349445289635
1747809092423,423.0,245.5,333.5,235.5,106,10,-70,-11,4,-3.1228009957432334,15.451926730371298,-1.6209169919770368
1747809092423,423.0,245.5,333.5,235.5,106,10,-70,-11,4,-3.1228009957432334,15.451926730371298,-1.6209169919770368
1747809092480,426.0,246.0,336.5,236.0,106,11,-70,-10,4,-3.43870044122379,15.84420400114586,-1.6128592745932986
1747809092480,426.0,246.0,336.5,236.0,106,11,-70,-10,4,-3.43870044122379,15.84420400114586,-1.6128592745932986
1747809092544,428.5,246.5,339.0,236.5,107,11,-70,-11,4,-3.6075693972431564,15.82336173816013,-1.5070708953293952
1747809092544,428.5,246.5,339.0,236.5,107,11,-70,-11,4,-3.6075693972431564,15.82336173816013,-1.5070708953293952
1747809092603,430.5,247.0,340.5,236.5,106,12,-70,-12,4,-3.801360407100205,15.886944354541619,-1.357876890655703
1747809092603,430.5,247.0,340.5,236.5,106,12,-70,-12,4,-3.801360407100205,15.886944354541619,-1.357876890655703
1747809092663,432.5,248.0,343.5,237.5,107,12,-70,-11,4,-3.9229608549707335,15.671157874381318,-1.2128096839344868
1747809092663,432.5,248.0,343.5,237.5,107,12,-70,-11,4,-3.9229608549707335,15.671157874381318,-1.2128096839344868
1747809092723,434.5,247.5,344.5,237.5,108,11,-70,-11,4,-3.9694381726573256,15.345511613257514,-1.0299272981758456
1747809092723,434.5,247.5,344.5,237.5,108,11,-70,-11,4,-3.9694381726573256,15.345511613257514,-1.0299272981758456
1747809092784,435.5,248.5,346.5,237.5,107,12,-70,-12,4,-3.9819251411295484,14.89724429305858,-0.7907666858903095
1747809092784,435.5,248.5,346.5,237.5,107,12,-70,-12,4,-3.9819251411295484,14.89724429305858,-0.7907666858903095
1747809092843,437.0,249.5,346.5,238.0,109,13,-72,-12,4,-4.048180990404978,14.33057111856382,-0.5562767818707428
1747809092843,437.0,249.5,346.5,238.0,109,13,-72,-12,4,-4.048180990404978,14.33057111856382,-0.5562767818707428
1747809092903,437.5,252.0,347.5,242.5,109,12,-71,-7,4,-4.058908691733697,13.627945366034783,-0.28829902452022615
1747809092903,437.5,252.0,347.5,242.5,109,12,-71,-7,4,-4.058908691733697,13.627945366034783,-0.28829902452022615
1747809092962,439.5,251.0,345.0,243.0,115,11,-73,-5,4,-4.157162722676498,13.132525357811891,-0.16905531639515647
1747809092962,439.5,251.0,345.0,243.0,115,11,-73,-5,4,-4.157162722676498,13.132525357811891,-0.16905531639515647
1747809093023,437.0,250.5,344.5,240.0,111,12,-74,-9,4,-4.09015196952887,12.801041263354865,-0.05047869008206174
1747809093023,437.0,250.5,344.5,240.0,111,12,-74,-9,4,-4.09015196952887,12.801041263354865,-0.05047869008206174
1747809093079,436.0,250.5,347.0,239.5,107,12,-69,-11,4,-4.078681726735672,12.49371937878418,0.09649185309255603
1747809093079,436.0,250.5,347.0,239.5,107,12,-69,-11,4,-4.078681726735672,12.49371937878418,0.09649185309255603
1747809093143,435.5,250.5,346.5,239.5,108,12,-70,-11,4,-4.076623214042598,12.264762659796913,0.20306695547485276
1747809093143,435.5,250.5,346.5,239.5,108,12,-70,-11,4,-4.076623214042598,12.264762659796913,0.20306695547485276
1747809093204,435.0,249.5,345.0,238.5,108,12,-69,-12,4,-4.080305479028493,12.155950383631179,0.3051569903969735
1747809093204,435.0,249.5,345.0,238.5,108,12,-69,-12,4,-4.080305479028493,12.155950383631179,0.3051569903969735
1747809093263,433.0,249.5,342.5,239.0,108,11,-70,-11,4,-4.025261566614222,11.939163280224452,0.3944200843379839
1747809093263,433.0,249.5,342.5,239.0,108,11,-70,-11,4,-4.025261566614222,11.939163280224452,0.3944200843379839
1747809093324,432.0,249.5,341.0,238.5,109,11,-70,-12,4,-3.975923081968003,12.065311171137227,0.40016291242319735
1747809093324,432.0,249.5,341.0,238.5,109,11,-70,-12,4,-3.975923081968003,12.065311171137227,0.40016291242319735
1747809093379,429.5,249.5,339.0,238.5,108,11,-69,-11,4,-3.9545290677154243,12.022232128195181,0.37369633739539854
1747809093379,429.5,249.5,339.0,238.5,108,11,-69,-11,4,-3.9545290677154243,12.022232128195181,0.37369633739539854
1747809093444,423.5,250.0,336.0,244.0,109,8,-69,-4,4,-3.798680094131603,12.454004535285016,0.11836816725675092
1747809093444,423.5,250.0,336.0,244.0,109,8,-69,-4,4,-3.798680094131603,12.454004535285016,0.11836816725675092
1747809093504,422.0,250.5,334.0,246.5,109,6,-69,-2,4,-3.7267291594610867,12.924715750428652,-0.1595527883736363
1747809093504,422.0,250.5,334.0,246.5,109,6,-69,-2,4,-3.7267291594610867,12.924715750428652,-0.1595527883736363
1747809093563,421.0,249.5,330.5,244.5,110,6,-71,-4,4,-3.603526267145517,13.718896932137062,-0.40962236255310014
1747809093563,421.0,249.5,330.5,244.5,110,6,-71,-4,4,-3.603526267145517,13.718896932137062,-0.40962236255310014
1747809093622,419.0,248.0,327.0,241.5,110,7,-72,-7,5,-3.5168023000946844,14.276507930663755,-0.7628665930960921
1747809093622,419.0,248.0,327.0,241.5,110,7,-72,-7,5,-3.5168023000946844,14.276507930663755,-0.7628665930960921
1747809093680,415.5,247.0,324.0,242.0,107,5,-71,-6,5,-3.4077146792886968,15.13126246837879,-1.246258008854868
1747809093680,415.5,247.0,324.0,242.0,107,5,-71,-6,5,-3.4077146792886968,15.13126246837879,-1.246258008854868
1747809093748,414.5,246.0,323.0,241.5,107,5,-71,-6,5,-3.3726900257938492,15.982253260491945,-1.6984585299193142
1747809093748,414.5,246.0,323.0,241.5,107,5,-71,-6,5,-3.3726900257938492,15.982253260491945,-1.6984585299193142
1747809093805,412.5,245.5,321.0,241.0,106,4,-71,-6,5,-3.2463849684679813,16.889073913690908,-2.2724424859509824
1747809093805,412.5,245.5,321.0,241.0,106,4,-71,-6,5,-3.2463849684679813,16.889073913690908,-2.2724424859509824
1747809093865,411.0,246.0,320.0,241.0,107,5,-71,-6,5,-3.276461584973691,18.07239288715195,-2.7942311751423476
1747809093865,411.0,246.0,320.0,241.0,107,5,-71,-6,5,-3.276461584973691,18.07239288715195,-2.7942311751423476
1747809093927,411.0,245.0,319.0,241.0,109,4,-71,-6,5,-3.183674740361286,18.573029148845997,-3.2757604037170043
1747809093927,411.0,245.0,319.0,241.0,109,4,-71,-6,5,-3.183674740361286,18.573029148845997,-3.2757604037170043
1747809093984,409.0,245.0,318.0,241.0,108,4,-70,-6,5,-3.168311091381147,19.284092935546383,-3.762100883012827
1747809093984,409.0,245.0,318.0,241.0,108,4,-70,-6,5,-3.168311091381147,19.284092935546383,-3.762100883012827
1747809094042,407.5,245.5,317.0,242.0,107,3,-70,-5,5,-3.206208006327623,19.797561267160283,-4.069596290290775
1747809094042,407.5,245.5,317.0,242.0,107,3,-70,-5,5,-3.206208006327623,19.797561267160283,-4.069596290290775
1747809094107,406.5,245.5,315.0,241.9375,107,3,-71,-6,5,-3.1417729345636136,20.113886831671415,-4.382868492448722
1747809094107,406.5,245.5,315.0,241.9375,107,3,-71,-6,5,-3.1417729345636136,20.113886831671415,-4.382868492448722
1747809094167,406.0,244.5,315.0,241.0,108,3,-70,-5,5,-3.2183090580790745,20.21700730365553,-4.596031023241155
1747809094167,406.0,244.5,315.0,241.0,108,3,-70,-5,5,-3.2183090580790745,20.21700730365553,-4.596031023241155
1747809094225,405.0294189453125,245.0294189453125,314.0,242.0,108,3,-70,-5,5,-3.3141340120731346,20.268769982098743,-4.817931301129791
1747809094225,405.0294189453125,245.0294189453125,314.0,242.0,108,3,-70,-5,5,-3.3141340120731346,20.268769982098743,-4.817931301129791
1747809094283,402.0,248.5,313.5,248.0,108,1,-70,1,5,-3.283587477488152,20.23957589118111,-5.048369937604755
1747809094283,402.0,248.5,313.5,248.0,108,1,-70,1,5,-3.283587477488152,20.23957589118111,-5.048369937604755
1747809094347,403.5,246.5,315.5,247.0,107,0,-69,2,5,-3.1750224341248217,20.06661272880455,-5.247981718003453
1747809094347,403.5,246.5,315.5,247.0,107,0,-69,2,5,-3.1750224341248217,20.06661272880455,-5.247981718003453
1747809094403,403.5,245.5,312.5,244.0,108,0,-72,-2,5,-3.1605074597369933,19.671997671137532,-5.402357877521354
1747809094403,403.5,245.5,312.5,244.0,108,0,-72,-2,5,-3.1605074597369933,19.671997671137532,-5.402357877521354
1747809094464,402.5,245.0,313.0,244.0,105,1,-69,-3,5,-3.140541244428496,19.371029685711346,-5.552330841331329
1747809094464,402.5,245.0,313.0,244.0,105,1,-69,-3,5,-3.140541244428496,19.371029685711346,-5.552330841331329
1747809094527,404.5,242.5,314.0,241.5,107,0,-70,-4,5,-3.302661325260056,19.3449460771882,-5.679637906555873
1747809094527,404.5,242.5,314.0,241.5,107,0,-70,-4,5,-3.302661325260056,19.3449460771882,-5.679637906555873
1747809094588,405.0,243.5,314.5,242.0,107,1,-70,-3,5,-3.273496138074438,19.130845939543153,-5.734635414031643
1747809094588,405.0,243.5,314.5,242.0,107,1,-70,-3,5,-3.273496138074438,19.130845939543153,-5.734635414031643
1747809094648,405.0,244.5,315.0,242.5,107,1,-69,-4,5,-3.286581670235165,19.18264455354462,-5.868005280587271
1747809094648,405.0,244.5,315.0,242.5,107,1,-69,-4,5,-3.286581670235165,19.18264455354462,-5.868005280587271
1747809094708,404.5,243.5,315.5,242.0,105,1,-69,-4,5,-3.458952087747053,18.955101187297252,-5.903677448985932
1747809094708,404.5,243.5,315.5,242.0,105,1,-69,-4,5,-3.458952087747053,18.955101187297252,-5.903677448985932
1747809094768,405.5,243.0,316.5,241.5,105,1,-70,-4,5,-3.3796550298140318,18.823893706706667,-5.986516838025877
1747809094768,405.5,243.0,316.5,241.5,105,1,-70,-4,5,-3.3796550298140318,18.823893706706667,-5.986516838025877
1747809094827,406.0,244.5,316.5,242.0,106,2,-69,-4,5,-3.25532810279031,18.509817745408018,-5.909159059363013
1747809094827,406.0,244.5,316.5,242.0,106,2,-69,-4,5,-3.25532810279031,18.509817745408018,-5.909159059363013
1747809094884,406.5,242.5,316.5,240.0,106,2,-70,-5,5,-3.376856951940158,18.186003614579267,-5.797174336959775
1747809094884,406.5,242.5,316.5,240.0,106,2,-70,-5,5,-3.376856951940158,18.186003614579267,-5.797174336959775
1747809094941,403.0,241.5,316.5,242.0,104,0,-68,-1,5,-3.4901795936550766,18.114825190390413,-5.801841127624888
1747809094941,403.0,241.5,316.5,242.0,104,0,-68,-1,5,-3.4901795936550766,18.114825190390413,-5.801841127624888
1747809095007,403.5,245.0,317.5,246.0,105,0,-67,2,5,-3.3675483206103163,18.176547266918348,-5.769982794734886
1747809095007,403.5,245.0,317.5,246.0,105,0,-67,2,5,-3.3675483206103163,18.176547266918348,-5.769982794734886
1747809095067,402.0,243.5,314.5,246.0,107,-1,-70,4,5,-3.1535700323400304,17.797541614836042,-5.755255222278833
1747809095067,402.0,243.5,314.5,246.0,107,-1,-70,4,5,-3.1535700323400304,17.797541614836042,-5.755255222278833
1747809095127,400.0,241.5,311.0,241.5,104,-1,-71,-2,5,-3.03396278638777,17.962355704342528,-5.848003749720253
1747809095127,400.0,241.5,311.0,241.5,104,-1,-71,-2,5,-3.03396278638777,17.962355704342528,-5.848003749720253
1747809095187,398.5,241.5,311.5,241.5,102,-1,-69,-2,5,-2.9663507486428475,18.184207251917776,-5.973676348494511
1747809095187,398.5,241.5,311.5,241.5,102,-1,-69,-2,5,-2.9663507486428475,18.184207251917776,-5.973676348494511
1747809095247,396.0,241.5,309.0,242.0,102,-1,-69,-1,5,-2.9188146672109436,18.261157379709537,-6.1115419107885804
1747809095247,396.0,241.5,309.0,242.0,102,-1,-69,-1,5,-2.9188146672109436,18.261157379709537,-6.1115419107885804
1747809095304,396.0,240.0,309.0,241.5,102,-2,-69,-1,5,-2.786553991588616,18.827333014201407,-6.379300718132237
1747809095304,396.0,240.0,309.0,241.5,102,-2,-69,-1,5,-2.786553991588616,18.827333014201407,-6.379300718132237
1747809095372,395.0,240.0,308.5,241.5,101,-2,-69,-2,5,-2.8271524399874384,19.437527488120665,-6.642809805259483
1747809095372,395.0,240.0,308.5,241.5,101,-2,-69,-2,5,-2.8271524399874384,19.437527488120665,-6.642809805259483
1747809095428,395.0,240.5,308.5,242.0,100,-2,-69,-1,5,-2.9911763302419185,20.57178523127712,-7.005012880651004
1747809095428,395.0,240.5,308.5,242.0,100,-2,-69,-1,5,-2.9911763302419185,20.57178523127712,-7.005012880651004
1747809095489,396.5,240.5,309.5,241.5,101,-2,-68,-2,5,-3.004207898637034,21.63598181098965,-7.353803347718324
1747809095489,396.5,240.5,309.5,241.5,101,-2,-68,-2,5,-3.004207898637034,21.63598181098965,-7.353803347718324
1747809095549,397.5,241.5,310.0333251953125,241.96665954589844,101,-1,-68,-3,5,-3.083332302355731,23.006134705670647,-7.565286591650464
1747809095549,397.5,241.5,310.0333251953125,241.96665954589844,101,-1,-68,-3,5,-3.083332302355731,23.006134705670647,-7.565286591650464
1747809095608,398.5,242.0,311.5,242.0,101,0,-68,-3,5,-3.470122989185251,24.213437263502946,-7.69497845918972
1747809095608,398.5,242.0,311.5,242.0,101,0,-68,-3,5,-3.470122989185251,24.213437263502946,-7.69497845918972
1747809095672,400.5,242.5,313.5,241.0,101,1,-68,-3,5,-3.8721579770240364,25.656575451948875,-7.753531869339097
1747809095672,400.5,242.5,313.5,241.0,101,1,-68,-3,5,-3.8721579770240364,25.656575451948875,-7.753531869339097
1747809095729,404.0,243.5,316.5,241.0,103,2,-69,-4,5,-4.024925045439403,26.217475451742736,-7.688541654015022
1747809095729,404.0,243.5,316.5,241.0,103,2,-69,-4,5,-4.024925045439403,26.217475451742736,-7.688541654015022
1747809095790,406.5,243.5,318.5,241.0,103,2,-69,-4,5,-4.239298703647597,26.788662395737965,-7.6482805368892075
1747809095790,406.5,243.5,318.5,241.0,103,2,-69,-4,5,-4.239298703647597,26.788662395737965,-7.6482805368892075
1747809095852,408.0,244.5,319.5,241.5,103,3,-69,-5,5,-4.391426609012885,27.37636525221754,-7.505140441121263
1747809095852,408.0,244.5,319.5,241.5,103,3,-69,-5,5,-4.391426609012885,27.37636525221754,-7.505140441121263
1747809095912,406.0,244.0,318.5,242.5,101,2,-70,-4,5,-4.585077036959339,27.438188765967844,-7.265768489887768
1747809095912,406.0,244.0,318.5,242.5,101,2,-70,-4,5,-4.585077036959339,27.438188765967844,-7.265768489887768
1747809095971,406.5,244.5,319.5,242.0,101,3,-69,-4,5,-4.768761554394274,27.38929388818216,-7.0207064683735245
1747809095971,406.5,244.5,319.5,242.0,101,3,-69,-4,5,-4.768761554394274,27.38929388818216,-7.0207064683735245
1747809096031,405.0,244.0,318.0,241.5,101,3,-69,-5,5,-4.928250933594265,26.968198962227014,-6.775742437082406
1747809096031,405.0,244.0,318.0,241.5,101,3,-69,-5,5,-4.928250933594265,26.968198962227014,-6.775742437082406
1747809096088,405.0,244.0,318.0,241.5,101,2,-69,-5,5,-4.923725506646681,26.539450145486718,-6.557585258838838
1747809096088,405.0,244.0,318.0,241.5,101,2,-69,-5,5,-4.923725506646681,26.539450145486718,-6.557585258838838
1747809096151,405.0,242.5,318.0,241.5,101,1,-69,-4,5,-4.99071264628544,25.79822534390378,-6.378736949078149
1747809096151,405.0,242.5,318.0,241.5,101,1,-69,-4,5,-4.99071264628544,25.79822534390378,-6.378736949078149
1747809096211,405.0,243.0,317.5,241.5,101,2,-70,-4,5,-4.888402774773283,25.24516811659749,-6.300969574157956
1747809096211,405.0,243.0,317.5,241.5,101,2,-70,-4,5,-4.888402774773283,25.24516811659749,-6.300969574157956
1747809096271,403.5,243.5,316.5,241.0,101,2,-69,-4,5,-4.917131830892359,24.670471225963816,-6.27741553731107
1747809096271,403.5,243.5,316.5,241.0,101,2,-69,-4,5,-4.917131830892359,24.670471225963816,-6.27741553731107
1747809096328,403.0,242.5,316.0,240.5,100,2,-69,-5,5,-4.977592145436196,24.452552802884924,-6.254707597350205
1747809096328,403.0,242.5,316.0,240.5,100,2,-69,-5,5,-4.977592145436196,24.452552802884924,-6.254707597350205
1747809096391,401.5,241.5,314.5,240.5,100,1,-70,-4,5,-4.955684716613092,24.4092769720168,-6.279561669880434
1747809096391,401.5,241.5,314.5,240.5,100,1,-70,-4,5,-4.955684716613092,24.4092769720168,-6.279561669880434
1747809096451,400.5,241.5,313.5,240.5,101,1,-68,-4,5,-5.008952149047152,24.41934048922046,-6.3150858783530595
1747809096451,400.5,241.5,313.5,240.5,101,1,-68,-4,5,-5.008952149047152,24.41934048922046,-6.3150858783530595
1747809096511,399.5,241.5,312.5,241.0,101,0,-69,-3,5,-4.949262284940096,24.44996976501534,-6.389848450217452
1747809096511,399.5,241.5,312.5,241.0,101,0,-69,-3,5,-4.949262284940096,24.44996976501534,-6.389848450217452
1747809096571,399.5,241.5,312.5,240.5,101,1,-69,-3,5,-4.764455656543788,24.642920450477792,-6.462619920137031
1747809096571,399.5,241.5,312.5,240.5,101,1,-69,-3,5,-4.764455656543788,24.642920450477792,-6.462619920137031
1747809096630,399.5,242.0,312.5,240.5,101,1,-68,-4,5,-4.614702613658361,24.937119453744558,-6.548876553918349
1747809096630,399.5,242.0,312.5,240.5,101,1,-68,-4,5,-4.614702613658361,24.937119453744558,-6.548876553918349
1747809096687,398.5,242.5,312.5,241.0,100,1,-68,-3,5,-4.584504357385731,25.167602051196255,-6.5725468815456995
1747809096687,398.5,242.5,312.5,241.0,100,1,-68,-3,5,-4.584504357385731,25.167602051196255,-6.5725468815456995
1747809096751,399.5,241.5,313.5,240.5,100,0,-67,-3,5,-4.484173757514884,25.454382855796837,-6.659135433728883
1747809096751,399.5,241.5,313.5,240.5,100,0,-67,-3,5,-4.484173757514884,25.454382855796837,-6.659135433728883
1747809096812,400.5,241.5,313.5,240.0,101,0,-68,-3,5,-4.489763746929734,25.858247417649345,-6.7471994432491655
1747809096812,400.5,241.5,313.5,240.0,101,0,-68,-3,5,-4.489763746929734,25.858247417649345,-6.7471994432491655
1747809096871,399.0,242.0,313.5,240.5,100,1,-68,-4,5,-4.324767534646446,26.15654183804122,-6.782767349864151
1747809096871,399.0,242.0,313.5,240.5,100,1,-68,-4,5,-4.324767534646446,26.15654183804122,-6.782767349864151
1747809096927,399.0,240.5,312.5,240.5,101,-1,-67,-3,5,-4.123520729033385,26.270057854978823,-6.904813831781049
1747809096927,399.0,240.5,312.5,240.5,101,-1,-67,-3,5,-4.123520729033385,26.270057854978823,-6.904813831781049
1747809096992,399.0,241.0,312.5,240.0,101,0,-68,-3,5,-4.029734807288838,26.357034820808657,-6.981886320316426
1747809096992,399.0,241.0,312.5,240.0,101,0,-68,-3,5,-4.029734807288838,26.357034820808657,-6.981886320316426
1747809097055,398.0,240.5,312.5,240.0,101,-1,-67,-3,5,-3.849518986135723,26.167227466917048,-7.057652462409825
1747809097055,398.0,240.5,312.5,240.0,101,-1,-67,-3,5,-3.849518986135723,26.167227466917048,-7.057652462409825
1747809097114,398.0,240.5,311.5,239.5,101,0,-68,-3,5,-3.7785360614134476,26.45098214067628,-7.112437666880379
1747809097114,398.0,240.5,311.5,239.5,101,0,-68,-3,5,-3.7785360614134476,26.45098214067628,-7.112437666880379
1747809097176,398.0,240.5,311.5,239.0,101,0,-68,-3,5,-3.842108661632613,26.291436772936585,-7.151313092293654
1747809097176,398.0,240.5,311.5,239.0,101,0,-68,-3,5,-3.842108661632613,26.291436772936585,-7.151313092293654
1747809097237,397.0,240.5,310.5,239.5,101,0,-68,-3,5,-3.7429559322619097,26.048927043245435,-7.171476876809068
1747809097237,397.0,240.5,310.5,239.5,101,0,-68,-3,5,-3.7429559322619097,26.048927043245435,-7.171476876809068
1747809097296,397.0,240.0,311.0,239.0,101,1,-66,-3,5,-3.762851184370504,26.191517190102758,-7.2208473504691595
1747809097296,397.0,240.0,311.0,239.0,101,1,-66,-3,5,-3.762851184370504,26.191517190102758,-7.2208473504691595
1747809097356,396.5,239.5,310.5,239.0,100,0,-68,-3,5,-3.6419275414574823,25.935487893874644,-7.236580142805284
1747809097356,396.5,239.5,310.5,239.0,100,0,-68,-3,5,-3.6419275414574823,25.935487893874644,-7.236580142805284
1747809097416,396.5,238.5,311.0,238.0,101,0,-67,-3,5,-3.605943048637232,25.292020268862718,-7.1921115937391775
1747809097416,396.5,238.5,311.0,238.0,101,0,-67,-3,5,-3.605943048637232,25.292020268862718,-7.1921115937391775
1747809097474,396.0,237.5,310.0,237.0,101,0,-68,-3,5,-3.5347688298685256,24.77881063774594,-7.207790298076505
1747809097474,396.0,237.5,310.0,237.0,101,0,-68,-3,5,-3.5347688298685256,24.77881063774594,-7.207790298076505
1747809097536,396.5,237.5,310.0,236.5,102,0,-68,-4,5,-3.453374696344608,23.998836818128144,-7.082185589506612
1747809097536,396.5,237.5,310.0,236.5,102,0,-68,-4,5,-3.453374696344608,23.998836818128144,-7.082185589506612
1747809097596,396.5,237.5,309.5,236.0,103,1,-68,-4,5,-3.46159860696541,22.91507879461524,-6.941407480356013
1747809097596,396.5,237.5,309.5,236.0,103,1,-68,-4,5,-3.46159860696541,22.91507879461524,-6.941407480356013
1747809097656,395.0,238.5,309.0,237.0,103,1,-66,-3,5,-3.4378805404429986,22.34847072978205,-6.863100320318695
1747809097656,395.0,238.5,309.0,237.0,103,1,-66,-3,5,-3.4378805404429986,22.34847072978205,-6.863100320318695
1747809097713,393.0,239.5,306.5,238.0,102,1,-68,-3,5,-3.4514332796842977,21.65801234072032,-6.761998758192658
1747809097713,393.0,239.5,306.5,238.0,102,1,-68,-3,5,-3.4514332796842977,21.65801234072032,-6.761998758192658
1747809097775,392.0,238.5,305.0,237.5,103,1,-67,-4,5,-3.391143055268043,20.634398327744258,-6.654499450198925
1747809097775,392.0,238.5,305.0,237.5,103,1,-67,-4,5,-3.391143055268043,20.634398327744258,-6.654499450198925
1747809097836,392.5,238.5,305.5,238.0,103,0,-67,-2,5,-3.38401954226841,20.144919323834863,-6.559707924229069
1747809097836,392.5,238.5,305.5,238.0,103,0,-67,-2,5,-3.38401954226841,20.144919323834863,-6.559707924229069
1747809097896,392.0,240.0,307.0,239.0,103,1,-65,-1,5,-3.254446950800423,19.09681707378283,-6.425381787786653
1747809097896,392.0,240.0,307.0,239.0,103,1,-65,-1,5,-3.254446950800423,19.09681707378283,-6.425381787786653
1747809097952,392.0,238.5,309.0,237.5,100,0,-63,-2,5,-3.2149108736121237,18.50760795531083,-6.311051549902115
1747809097952,392.0,238.5,309.0,237.5,100,0,-63,-2,5,-3.2149108736121237,18.50760795531083,-6.311051549902115
1747809098016,393.5,235.5,310.0,234.5,100,0,-64,-3,5,-3.153424374491422,17.982634461771674,-6.236425960539604
1747809098016,393.5,235.5,310.0,234.5,100,0,-64,-3,5,-3.153424374491422,17.982634461771674,-6.236425960539604
1747809098075,394.5,234.5,311.5,233.0,99,1,-65,-3,5,-2.9987860837015576,17.564598912510068,-6.116089406241049
1747809098075,394.5,234.5,311.5,233.0,99,1,-65,-3,5,-2.9987860837015576,17.564598912510068,-6.116089406241049
1747809098135,396.0,234.5,311.5,233.5,101,0,-65,-2,5,-2.8373489352555,17.536898029089702,-6.1052701302032615
1747809098135,396.0,234.5,311.5,233.5,101,0,-65,-2,5,-2.8373489352555,17.536898029089702,-6.1052701302032615
1747809098195,396.0,234.5,312.0,232.5,101,1,-64,-3,5,-2.5970207206173086,17.594101673697047,-6.081578820795732
1747809098195,396.0,234.5,312.0,232.5,101,1,-64,-3,5,-2.5970207206173086,17.594101673697047,-6.081578820795732
1747809098243,397.5,234.5,313.5,233.0,102,0,-64,-2,5,-2.509660806931455,17.059486127973543,-5.94421314266821
1747809098243,397.5,234.5,313.5,233.0,102,0,-64,-2,5,-2.509660806931455,17.059486127973543,-5.94421314266821
1747809098305,400.0,236.0,312.5,235.5,105,0,-66,-1,5,-2.4239408593178124,16.558250424676267,-5.897577878011387
1747809098305,400.0,236.0,312.5,235.5,105,0,-66,-1,5,-2.4239408593178124,16.558250424676267,-5.897577878011387
1747809098361,393.0,231.5,314.0,233.5,97,-3,-62,0,5,-2.334479427892111,16.308183433846178,-5.932428476933285
1747809098361,393.0,231.5,314.0,233.5,97,-3,-62,0,5,-2.334479427892111,16.308183433846178,-5.932428476933285
1747809098422,390.0,229.0,310.0,231.5,96,-4,-64,0,5,-2.193513812998245,15.886289556105424,-6.127566069171905
1747809098422,390.0,229.0,310.0,231.5,96,-4,-64,0,5,-2.193513812998245,15.886289556105424,-6.127566069171905
1747809098493,386.5,227.5,304.0,236.0,98,-11,-63,6,5,-1.916657439152436,15.720148193148402,-6.761380903337988
1747809098493,386.5,227.5,304.0,236.0,98,-11,-63,6,5,-1.916657439152436,15.720148193148402,-6.761380903337988
1747809098556,379.0,225.5,297.5,241.0,95,-20,-64,11,5,-1.6573154436710382,15.74162254160446,-7.918467439469344
1747809098556,379.0,225.5,297.5,241.0,95,-20,-64,11,5,-1.6573154436710382,15.74162254160446,-7.918467439469344
1747809098618,371.0,223.5,292.0,248.0,92,-29,-62,17,5,-1.4059149402322024,16.62404319112263,-9.730837797386656
1747809098618,371.0,223.5,292.0,248.0,92,-29,-62,17,5,-1.4059149402322024,16.62404319112263,-9.730837797386656
1747809098678,365.5,224.0,288.0,256.0,89,-37,-60,23,5,-1.3034496121622086,17.822976219249057,-12.087437800902638
1747809098678,365.5,224.0,288.0,256.0,89,-37,-60,23,5,-1.3034496121622086,17.822976219249057,-12.087437800902638
1747809098739,361.0,224.0,285.0,259.0,89,-41,-60,25,5,-1.2386323891028637,18.636130813202872,-14.6619151097011
1747809098739,361.0,224.0,285.0,259.0,89,-41,-60,25,5,-1.2386323891028637,18.636130813202872,-14.6619151097011
1747809098800,360.0,223.0,283.5,261.0,89,-44,-61,27,5,-1.1304802670890268,19.524231363065418,-17.36764807766395
1747809098800,360.0,223.0,283.5,261.0,89,-44,-61,27,5,-1.1304802670890268,19.524231363065418,-17.36764807766395
1747809098854,360.0,224.5,284.5,261.0,89,-43,-59,26,5,-1.0538588785176044,20.732607783683413,-20.097585631762314
1747809098854,360.0,224.5,284.5,261.0,89,-43,-59,26,5,-1.0538588785176044,20.732607783683413,-20.097585631762314
1747809098919,360.5,223.5,284.61322021484375,260.2452697753906,89,-43,-59,25,5,-0.9687896094309822,21.980885932979326,-22.750623007418653
1747809098919,360.5,223.5,284.61322021484375,260.2452697753906,89,-43,-59,25,5,-0.9687896094309822,21.980885932979326,-22.750623007418653
1747809098979,361.0,224.5,285.0,259.5,90,-42,-60,24,5,0.0,0.0,0.0
1747809098979,361.0,224.5,285.0,259.5,90,-42,-60,24,5,0.0,0.0,0.0
1747809099040,362.0,224.0,285.0,259.0,90,-41,-60,24,5,0.03900553055540268,1.0340807087056554,-2.3274328668158972
1747809099040,362.0,224.0,285.0,259.0,90,-41,-60,24,5,0.03900553055540268,1.0340807087056554,-2.3274328668158972
1747809099099,362.0,224.0,284.5,258.5,92,-41,-61,24,5,-0.09787721611334632,1.9522128524596045,-4.215011979170686
1747809099099,362.0,224.0,284.5,258.5,92,-41,-61,24,5,-0.09787721611334632,1.9522128524596045,-4.215011979170686
1747809099156,361.0,224.5,283.38677978515625,258.7547302246094,91,-40,-61,24,5,-0.2885293254912229,2.5771532782370183,-5.441264914441316
1747809099156,361.0,224.5,283.38677978515625,258.7547302246094,91,-40,-61,24,5,-0.2885293254912229,2.5771532782370183,-5.441264914441316
1747809099219,360.5,225.0,284.0,259.0,90,-40,-60,24,5,-0.38453905191980553,2.587060169373485,-6.0458699356622745
1747809099219,360.5,225.0,284.0,259.0,90,-40,-60,24,5,-0.38453905191980553,2.587060169373485,-6.0458699356622745
1747809099276,360.0,225.0,283.0,259.0,91,-39,-60,24,5,-0.4617577063695508,1.939740413091295,-6.141049339950211
1747809099276,360.0,225.0,283.0,259.0,91,-39,-60,24,5,-0.4617577063695508,1.939740413091295,-6.141049339950211
1747809099336,359.3888854980469,224.72222900390625,283.0,259.0,91,-41,-60,24,5,-0.5638013293002162,1.6063057938798124,-5.9991188513857665
1747809099336,359.3888854980469,224.72222900390625,283.0,259.0,91,-41,-60,24,5,-0.5638013293002162,1.6063057938798124,-5.9991188513857665
1747809099395,359.0,226.0,282.0,260.5,92,-40,-60,24,5,-0.7178002843494147,1.2730838149659913,-5.702750687752324
1747809099395,359.0,226.0,282.0,260.5,92,-40,-60,24,5,-0.7178002843494147,1.2730838149659913,-5.702750687752324
1747809099457,359.0,225.5,282.0,259.5,91,-41,-60,24,5,-0.6417364955788516,0.9949735067309486,-5.471434038641426
1747809099457,359.0,225.5,282.0,259.5,91,-41,-60,24,5,-0.6417364955788516,0.9949735067309486,-5.471434038641426
1747809099519,359.27777099609375,224.38888549804688,282.0,259.5,92,-41,-61,24,5,-0.5487598538642722,0.4892222915840332,-5.2280940065769315
1747809099519,359.27777099609375,224.38888549804688,282.0,259.5,92,-41,-61,24,5,-0.5487598538642722,0.4892222915840332,-5.2280940065769315
1747809099580,358.27777099609375,225.38888549804688,281.0,260.0,91,-40,-62,24,5,-0.5373395832241732,0.2308588184267535,-5.086937646781777
1747809099580,358.27777099609375,225.38888549804688,281.0,260.0,91,-40,-62,24,5,-0.5373395832241732,0.2308588184267535,-5.086937646781777
1747809099637,357.5,225.5,280.5,260.0,91,-41,-61,25,5,-0.4495893201446597,-0.2686582364340193,-4.914571419705673
1747809099637,357.5,225.5,280.5,260.0,91,-41,-61,25,5,-0.4495893201446597,-0.2686582364340193,-4.914571419705673
1747809099697,357.72222900390625,224.61111450195312,280.0,259.0,91,-41,-62,25,5,-0.38682443202757,-0.36507757714066713,-4.836375095184138
1747809099697,357.72222900390625,224.61111450195312,280.0,259.0,91,-41,-62,25,5,-0.38682443202757,-0.36507757714066713,-4.836375095184138
1747809099757,356.0,225.0,280.0,260.5,90,-41,-59,25,5,-0.3014938764439741,-0.318529811459781,-4.994046202682519
1747809099757,356.0,225.0,280.0,260.5,90,-41,-59,25,5,-0.3014938764439741,-0.318529811459781,-4.994046202682519
1747809099819,352.5,224.0,278.1060485839844,262.68182373046875,87,-45,-58,28,5,0.0,0.0,0.0
1747809099819,352.5,224.0,278.1060485839844,262.68182373046875,87,-45,-58,28,5,0.0,0.0,0.0
1747809099880,349.0,222.5,275.5,263.5,87,-48,-58,29,5,0.20867841599439263,-0.12643087607258074,-0.538050241634263
1747809099880,349.0,222.5,275.5,263.5,87,-48,-58,29,5,0.20867841599439263,-0.12643087607258074,-0.538050241634263
1747809099939,347.0,223.5,274.0,265.5,86,-49,-57,30,5,0.524915323082678,-0.2368167285737428,-1.1774753594360163
1747809099939,347.0,223.5,274.0,265.5,86,-49,-57,30,5,0.524915323082678,-0.2368167285737428,-1.1774753594360163
1747809099999,345.0,224.0,272.0,266.0,85,-49,-57,30,5,0.7239891285696611,-0.02704221674487073,-1.8917152647551987
1747809099999,345.0,224.0,272.0,266.0,85,-49,-57,30,5,0.7239891285696611,-0.02704221674487073,-1.8917152647551987
1747809100059,344.0,223.5,270.5,266.0,86,-50,-58,31,5,0.8721580839622698,-0.03935731041213941,-2.559198292691491
1747809100059,344.0,223.5,270.5,266.0,86,-50,-58,31,5,0.8721580839622698,-0.03935731041213941,-2.559198292691491
1747809100119,342.5,224.0,270.5,266.0,85,-49,-56,31,5,0.9580721898729427,0.19330486074924558,-3.2472860389027076
1747809100119,342.5,224.0,270.5,266.0,85,-49,-56,31,5,0.9580721898729427,0.19330486074924558,-3.2472860389027076
1747809100179,342.0,224.0,269.5,266.0,85,-49,-57,30,5,1.2211172682036784,0.32736196873234036,-3.9397282085097203
1747809100179,342.0,224.0,269.5,266.0,85,-49,-57,30,5,1.2211172682036784,0.32736196873234036,-3.9397282085097203
1747809100244,342.0,223.5,268.5,265.5,86,-49,-57,30,5,1.2747672075066871,0.7503595814559958,-4.633874622661558
1747809100244,342.0,223.5,268.5,265.5,86,-49,-57,30,5,1.2747672075066871,0.7503595814559958,-4.633874622661558
1747809100304,341.0,223.5,268.5,264.5,86,-49,-57,29,5,1.4513248208242198,0.6316283611581923,-5.231186566556875
1747809100304,341.0,223.5,268.5,264.5,86,-49,-57,29,5,1.4513248208242198,0.6316283611581923,-5.231186566556875
1747809100359,341.0,223.5,268.5,264.0,85,-49,-57,29,5,0.0,0.0,0.0
1747809100359,341.0,223.5,268.5,264.0,85,-49,-57,29,5,0.0,0.0,0.0
1747809100424,343.0,222.5,269.5,263.0,86,-49,-57,29,5,-0.01603488392972352,0.2032493993691915,-0.2780232047085178
1747809100424,343.0,222.5,269.5,263.0,86,-49,-57,29,5,-0.01603488392972352,0.2032493993691915,-0.2780232047085178
1747809100483,344.0,220.5,270.5,262.0,87,-49,-59,30,5,-0.025456387110338596,-0.10001454045622005,-0.28787874861409435
1747809100483,344.0,220.5,270.5,262.0,87,-49,-59,30,5,-0.025456387110338596,-0.10001454045622005,-0.28787874861409435
1747809100539,345.5,220.5,271.5,261.5,86,-49,-58,29,5,-0.14118073012761023,-0.047616379885417004,-0.18653479605799106
1747809100539,345.5,220.5,271.5,261.5,86,-49,-58,29,5,-0.14118073012761023,-0.047616379885417004,-0.18653479605799106
1747809100605,347.0,220.5,272.0,260.5,89,-48,-59,29,5,-0.12542317529727498,-0.7178325787832733,0.04396291136632868
1747809100605,347.0,220.5,272.0,260.5,89,-48,-59,29,5,-0.12542317529727498,-0.7178325787832733,0.04396291136632868
1747809100661,347.0,220.0,273.0,260.0,88,-48,-59,30,5,-0.09352611541973843,-1.3160084080062315,0.26758737633475604
1747809100661,347.0,220.0,273.0,260.0,88,-48,-59,30,5,-0.09352611541973843,-1.3160084080062315,0.26758737633475604
1747809100724,348.0,220.0,273.5,259.5,89,-47,-59,29,5,0.13117681086903232,-2.1244711797017164,0.5386814390726009
1747809100724,348.0,220.0,273.5,259.5,89,-47,-59,29,5,0.13117681086903232,-2.1244711797017164,0.5386814390726009
1747809100783,348.0,220.0,274.0,259.5,88,-47,-59,29,5,0.12363023062860812,-2.7352563809703856,0.8202411788346318
1747809100783,348.0,220.0,274.0,259.5,88,-47,-59,29,5,0.12363023062860812,-2.7352563809703856,0.8202411788346318
1747809100843,348.0,220.0,274.0,259.5,88,-46,-59,29,5,0.2997706919723093,-3.3212282107875097,1.064618929247171
1747809100843,348.0,220.0,274.0,259.5,88,-46,-59,29,5,0.2997706919723093,-3.3212282107875097,1.064618929247171
1747809100900,348.0,220.0,273.5,259.5,88,-46,-60,29,5,0.22412432319861608,-3.54348053284483,1.3139322052653988
1747809100900,348.0,220.0,273.5,259.5,88,-46,-60,29,5,0.22412432319861608,-3.54348053284483,1.3139322052653988
1747809100963,348.0,220.0,273.0,258.5,88,-46,-59,28,5,0.20094214339043148,-3.802200495318573,1.557904682190749
1747809100963,348.0,220.0,273.0,258.5,88,-46,-59,28,5,0.20094214339043148,-3.802200495318573,1.557904682190749
1747809101024,347.0,220.0,273.0,258.5,88,-46,-58,28,5,0.23021458618951485,-4.343640262395985,1.8074009256967258
1747809101024,347.0,220.0,273.0,258.5,88,-46,-58,28,5,0.23021458618951485,-4.343640262395985,1.8074009256967258
1747809101079,348.0,219.0,272.5,259.0,89,-47,-61,30,5,0.0,0.0,0.0
1747809101079,348.0,219.0,272.5,259.0,89,-47,-61,30,5,0.0,0.0,0.0
1747809101144,347.0,219.0,272.5,259.0,88,-48,-60,29,5,0.04146222086361462,-0.3236688236314027,0.13172105804502365
1747809101144,347.0,219.0,272.5,259.0,88,-48,-60,29,5,0.04146222086361462,-0.3236688236314027,0.13172105804502365
1747809101203,347.0,219.5,272.5,259.0,87,-48,-58,29,5,0.24770304070202975,-0.009636668215785349,0.13143640305926851
1747809101203,347.0,219.5,272.5,259.0,87,-48,-58,29,5,0.24770304070202975,-0.009636668215785349,0.13143640305926851
1747809101259,347.0,219.0,272.0,259.0,88,-47,-59,29,5,0.30294519159687106,0.3792049403739082,0.10428229107053255
1747809101259,347.0,219.0,272.0,259.0,88,-47,-59,29,5,0.30294519159687106,0.3792049403739082,0.10428229107053255
1747809101324,346.0,220.0,272.0,259.5,87,-47,-57,28,5,0.21650832938233577,0.5156351418773522,0.07385654270855468
1747809101324,346.0,220.0,272.0,259.5,87,-47,-57,28,5,0.21650832938233577,0.5156351418773522,0.07385654270855468
1747809101381,347.0,219.0,271.5,259.5,89,-48,-60,29,5,0.17167828780475602,0.5381650583902449,0.027366689514394693
1747809101381,347.0,219.0,271.5,259.5,89,-48,-60,29,5,0.17167828780475602,0.5381650583902449,0.027366689514394693
1747809101444,345.5,219.5,271.5,259.5,87,-48,-58,28,5,0.22173157300411894,0.8033708908051747,-0.03922010128865239
1747809101444,345.5,219.5,271.5,259.5,87,-48,-58,28,5,0.22173157300411894,0.8033708908051747,-0.03922010128865239
1747809101504,345.0,220.5,271.0,260.0,87,-47,-57,29,5,0.2538196664949197,0.9324819747580104,-0.15764062745583374
1747809101504,345.0,220.5,271.0,260.0,87,-47,-57,29,5,0.2538196664949197,0.9324819747580104,-0.15764062745583374
1747809101564,346.0,219.0,270.5,259.5,89,-48,-61,28,5,0.3355088658967489,0.7153925491788709,-0.18242116356309168
1747809101564,346.0,219.0,270.5,259.5,89,-48,-61,28,5,0.3355088658967489,0.7153925491788709,-0.18242116356309168
1747809101614,345.0,220.0,271.0,259.5,87,-47,-57,28,5,0.38953843815718336,0.7672192315161457,-0.23394194531949353
1747809101614,345.0,220.0,271.0,259.5,87,-47,-57,28,5,0.38953843815718336,0.7672192315161457,-0.23394194531949353
1747809101684,346.0,220.5,271.0,260.0,87,-48,-57,29,5,0.543202213681699,0.9468032774128883,-0.28840733742471514
1747809101684,346.0,220.5,271.0,260.0,87,-48,-57,29,5,0.543202213681699,0.9468032774128883,-0.28840733742471514
1747809101740,345.5,219.5,270.5,260.0,88,-48,-61,29,5,0.4984819472581119,1.1207226324628188,-0.29392337313126404
1747809101740,345.5,219.5,270.5,260.0,88,-48,-61,29,5,0.4984819472581119,1.1207226324628188,-0.29392337313126404
1747809101804,345.0,220.5,270.5,260.0,87,-47,-58,29,5,0.40903866646553766,1.2228648390127095,-0.2999371282562038
1747809101804,345.0,220.5,270.5,260.0,87,-47,-58,29,5,0.40903866646553766,1.2228648390127095,-0.2999371282562038
1747809101866,345.0,220.0,271.0,259.5,87,-47,-57,28,5,0.36710347120663656,1.244548192312461,-0.288225751293524
1747809101866,345.0,220.0,271.0,259.5,87,-47,-57,28,5,0.36710347120663656,1.244548192312461,-0.288225751293524
1747809101925,345.5,220.0,270.5,260.0,87,-47,-60,29,5,0.38059723203578244,1.6093794891628885,-0.31582317209263877
1747809101925,345.5,220.0,270.5,260.0,87,-47,-60,29,5,0.38059723203578244,1.6093794891628885,-0.31582317209263877
1747809101986,345.5,221.0,271.0,260.0,87,-46,-57,28,5,0.35186384204420307,1.861911217112242,-0.26912593633051785
1747809101986,345.5,221.0,271.0,260.0,87,-46,-57,28,5,0.35186384204420307,1.861911217112242,-0.26912593633051785
1747809102048,346.5,220.5,270.5,260.5,88,-48,-60,29,5,0.3248934982260838,1.643519343738502,-0.21718955946218443
1747809102048,346.5,220.5,270.5,260.5,88,-48,-60,29,5,0.3248934982260838,1.643519343738502,-0.21718955946218443
1747809102109,346.0,220.5,271.0,260.0,88,-47,-59,29,5,0.3535672133959089,1.521091498912016,-0.11196496420087954
1747809102109,346.0,220.5,271.0,260.0,88,-47,-59,29,5,0.3535672133959089,1.521091498912016,-0.11196496420087954
1747809102165,346.0,220.0,271.0,259.5,88,-47,-59,28,5,0.3852113743624308,1.5830497130390597,-0.09583524727061743
1747809102165,346.0,220.0,271.0,259.5,88,-47,-59,28,5,0.3852113743624308,1.5830497130390597,-0.09583524727061743
1747809102226,346.5,220.5,271.0,260.0,88,-48,-60,29,5,0.36749650730270744,1.5834078625038313,-0.05074891985438512
1747809102226,346.5,220.5,271.0,260.0,88,-48,-60,29,5,0.36749650730270744,1.5834078625038313,-0.05074891985438512
1747809102283,348.0,221.0,272.0,260.0,89,-46,-60,29,5,0.2941398738150198,1.384912382757589,0.06479855536218793
1747809102283,348.0,221.0,272.0,260.0,89,-46,-60,29,5,0.2941398738150198,1.384912382757589,0.06479855536218793
1747809102345,349.0,219.5,273.5,257.5,89,-45,-59,27,5,0.34478096928971524,1.3921177349191254,0.24203745721592185
1747809102345,349.0,219.5,273.5,257.5,89,-45,-59,27,5,0.34478096928971524,1.3921177349191254,0.24203745721592185
1747809102408,353.0,219.0,276.0,253.0,91,-40,-59,24,5,0.17204433846563205,1.0889315095925856,0.836975851740192
1747809102408,353.0,219.0,276.0,253.0,91,-40,-59,24,5,0.17204433846563205,1.0889315095925856,0.836975851740192
1747809102465,359.5,223.0,279.5,246.5,94,-28,-63,17,5,-0.0716735194614806,1.0974990939165519,2.0567825032656444
1747809102465,359.5,223.0,279.5,246.5,94,-28,-63,17,5,-0.0716735194614806,1.0974990939165519,2.0567825032656444
1747809102514,365.5,227.0,285.0,239.5,95,-15,-63,8,5,-0.33898411281396257,1.2351755584497184,3.952887731841855
1747809102514,365.5,227.0,285.0,239.5,95,-15,-63,8,5,-0.33898411281396257,1.2351755584497184,3.952887731841855
1747809102573,371.5,233.0,290.5,236.5,96,-4,-63,1,5,-0.6830778879102599,1.2938160242825685,6.486219442624094
1747809102573,371.5,233.0,290.5,236.5,96,-4,-63,1,5,-0.6830778879102599,1.2938160242825685,6.486219442624094
1747809102634,382.0,240.5,296.0,235.0,102,6,-67,-6,5,-1.0951031235379158,1.3338856335949227,9.605960619532016
1747809102634,382.0,240.5,296.0,235.0,102,6,-67,-6,5,-1.0951031235379158,1.3338856335949227,9.605960619532016
1747809102695,384.5,243.5,299.4912414550781,232.63157653808594,100,12,-66,-11,5,-1.722038022448361,1.4200390821512112,13.05461064391845
1747809102695,384.5,243.5,299.4912414550781,232.63157653808594,100,12,-66,-11,5,-1.722038022448361,1.4200390821512112,13.05461064391845
1747809102768,387.0,245.5,302.5,231.0,101,17,-66,-14,5,-2.311208658450311,1.5366249964898646,16.788627698938065
1747809102768,387.0,245.5,302.5,231.0,101,17,-66,-14,5,-2.311208658450311,1.5366249964898646,16.788627698938065
1747809102828,388.0,245.0,304.0,230.0,100,18,-65,-14,5,-2.8275322114072132,1.3815144495358833,20.596249038708894
1747809102828,388.0,245.0,304.0,230.0,100,18,-65,-14,5,-2.8275322114072132,1.3815144495358833,20.596249038708894
1747809102887,388.0,245.0,304.4912414550781,229.63157653808594,99,18,-65,-15,5,-3.3199297496380433,1.383225732563064,24.342358434972297
1747809102887,388.0,245.0,304.4912414550781,229.63157653808594,99,18,-65,-15,5,-3.3199297496380433,1.383225732563064,24.342358434972297
1747809102940,389.0,245.0,305.0,229.0,100,18,-65,-15,5,-3.680605189445642,0.9080318414369728,27.97296594669355
1747809102940,389.0,245.0,305.0,229.0,100,18,-65,-15,5,-3.680605189445642,0.9080318414369728,27.97296594669355
1747809103008,389.0,243.5,305.0,230.0,100,15,-65,-13,5,-3.950539256544541,0.5156079061948216,31.165117385552005
1747809103008,389.0,243.5,305.0,230.0,100,15,-65,-13,5,-3.950539256544541,0.5156079061948216,31.165117385552005
1747809103068,390.5,244.0,306.5,230.0,100,16,-65,-13,5,-4.140892818527416,0.00887426710248107,33.72184800541004
1747809103068,390.5,244.0,306.5,230.0,100,16,-65,-13,5,-4.140892818527416,0.00887426710248107,33.72184800541004
1747809103127,392.0,243.5,308.0,230.0,100,15,-64,-13,5,-4.308584804723539,-0.6263355103275092,35.52268607380423
1747809103127,392.0,243.5,308.0,230.0,100,15,-64,-13,5,-4.308584804723539,-0.6263355103275092,35.52268607380423
1747809103182,391.5,242.5,307.5,229.5,99,14,-66,-13,5,-4.30308827386323,-1.2382538732193362,36.60827574996953
1747809103182,391.5,242.5,307.5,229.5,99,14,-66,-13,5,-4.30308827386323,-1.2382538732193362,36.60827574996953
1747809103245,391.0,242.5,307.5,230.5,100,13,-65,-12,5,-4.3668087998421665,-1.911835564875406,37.09038880096258
1747809103245,391.0,242.5,307.5,230.5,100,13,-65,-12,5,-4.3668087998421665,-1.911835564875406,37.09038880096258
1747809103308,390.5,241.5,307.0,230.5,100,12,-64,-12,5,-4.076626672210025,-2.432159583387576,37.115045295992275
1747809103308,390.5,241.5,307.0,230.5,100,12,-64,-12,5,-4.076626672210025,-2.432159583387576,37.115045295992275
1747809103368,390.0,241.5,305.5,230.5,101,11,-66,-12,5,-3.9230085784988287,-3.0666554326792017,36.84332633439668
1747809103368,390.0,241.5,305.5,230.5,101,11,-66,-12,5,-3.9230085784988287,-3.0666554326792017,36.84332633439668
1747809103428,388.5,242.0,304.5,231.5,100,11,-66,-11,5,-3.823161654281707,-3.6346839922537626,36.45146658490091
1747809103428,388.5,242.0,304.5,231.5,100,11,-66,-11,5,-3.823161654281707,-3.6346839922537626,36.45146658490091
1747809103492,387.5,241.5,304.5,231.5,99,10,-65,-11,5,-3.6443999318339726,-3.9926334602239306,36.06646001857996
1747809103492,387.5,241.5,304.5,231.5,99,10,-65,-11,5,-3.6443999318339726,-3.9926334602239306,36.06646001857996
1747809103551,388.0,241.0,304.5,232.0,100,10,-65,-9,5,-3.5703258335997266,-4.088653364692764,35.63119167807348
1747809103551,388.0,241.0,304.5,232.0,100,10,-65,-9,5,-3.5703258335997266,-4.088653364692764,35.63119167807348
1747809103610,388.0,241.5,303.5,232.5,101,10,-65,-9,5,0.0,0.0,0.0
1747809103610,388.0,241.5,303.5,232.5,101,10,-65,-9,5,0.0,0.0,0.0
1747809103669,388.0,241.5,304.0,232.5,101,9,-64,-10,5,0.08445760287115434,-0.2335633501280281,-0.3390026971895672
1747809103669,388.0,241.5,304.0,232.5,101,9,-64,-10,5,0.08445760287115434,-0.2335633501280281,-0.3390026971895672
1747809103728,387.5,241.0,304.5,232.5,100,10,-64,-9,5,0.08499263047280348,-0.7043218882529345,-0.6336294129192117
1747809103728,387.5,241.0,304.5,232.5,100,10,-64,-9,5,0.08499263047280348,-0.7043218882529345,-0.6336294129192117
1747809103792,388.0,241.5,304.5,232.5,100,10,-66,-10,5,-0.04362833335658234,-1.0683260573765283,-0.8449526921865029
1747809103792,388.0,241.5,304.5,232.5,100,10,-66,-10,5,-0.04362833335658234,-1.0683260573765283,-0.8449526921865029
1747809103852,389.5,242.0,306.0,232.5,100,11,-64,-10,5,-0.07659407191311196,-1.1526405263648178,-0.9802039463503025
1747809103852,389.5,242.0,306.0,232.5,100,11,-64,-10,5,-0.07659407191311196,-1.1526405263648178,-0.9802039463503025
1747809103912,390.0,243.0,307.0,234.0,100,11,-64,-9,5,-0.33318417311441184,-1.1125394231398937,-1.0788073866002996
1747809103912,390.0,243.0,307.0,234.0,100,11,-64,-9,5,-0.33318417311441184,-1.1125394231398937,-1.0788073866002996
1747809103971,390.0,244.5,307.0,235.5,99,11,-65,-10,5,-0.6650682155631324,-1.3430455021159338,-1.096656886519698
1747809103971,390.0,244.5,307.0,235.5,99,11,-65,-10,5,-0.6650682155631324,-1.3430455021159338,-1.096656886519698
1747809104032,392.0,246.0,307.5,236.0,100,12,-66,-10,5,-1.0700327246349017,-1.2353725846913974,-1.1054005836640197
1747809104032,392.0,246.0,307.5,236.0,100,12,-66,-10,5,-1.0700327246349017,-1.2353725846913974,-1.1054005836640197
1747809104090,392.0,247.0,308.0,238.5,100,11,-66,-10,5,-1.6135501812918815,-1.4532857843337106,-1.155707234059328
1747809104090,392.0,247.0,308.0,238.5,100,11,-66,-10,5,-1.6135501812918815,-1.4532857843337106,-1.155707234059328
1747809104150,392.0,247.0,308.5,238.5,99,11,-65,-9,5,-2.1580947388277734,-1.2120909230540717,-1.1677828363875378
1747809104150,392.0,247.0,308.5,238.5,99,11,-65,-9,5,-2.1580947388277734,-1.2120909230540717,-1.1677828363875378
1747809104209,392.5,247.0,307.5,237.5,100,11,-66,-11,5,-2.5663293051216978,-1.0540639593990209,-1.193757906960287
1747809104209,392.5,247.0,307.5,237.5,100,11,-66,-11,5,-2.5663293051216978,-1.0540639593990209,-1.193757906960287
1747809104269,387.5,249.0,304.0,240.0,100,12,-66,-7,5,-3.0546614712001054,-0.6838269448473886,-1.2011435959998336
1747809104269,387.5,249.0,304.0,240.0,100,12,-66,-7,5,-3.0546614712001054,-0.6838269448473886,-1.2011435959998336
1747809104328,387.5,249.0,302.5,238.5,99,14,-67,-8,5,-3.5674494667478167,0.6383601411262854,-1.04816451804722
1747809104328,387.5,249.0,302.5,238.5,99,14,-67,-8,5,-3.5674494667478167,0.6383601411262854,-1.04816451804722
1747809104392,389.0,248.0,304.5,236.0,99,14,-66,-10,5,-3.8534344447554045,2.0888407462046548,-0.8966312450038902
1747809104392,389.0,248.0,304.5,236.0,99,14,-66,-10,5,-3.8534344447554045,2.0888407462046548,-0.8966312450038902
1747809104451,389.0,247.5,305.0,235.5,97,14,-65,-12,5,-4.234262973019275,3.643758693908506,-0.8029061111028044
1747809104451,389.0,247.5,305.0,235.5,97,14,-65,-12,5,-4.234262973019275,3.643758693908506,-0.8029061111028044
1747809104511,390.0,247.5,306.0,236.0,98,14,-65,-11,5,-4.518586976801833,4.786792446348283,-0.7104433043742295
1747809104511,390.0,247.5,306.0,236.0,98,14,-65,-11,5,-4.518586976801833,4.786792446348283,-0.7104433043742295
1747809104569,391.0,246.5,305.56610107421875,235.44215393066406,99,13,-66,-11,5,-4.735231792179735,6.120066541369905,-0.684998154991991
1747809104569,391.0,246.5,305.56610107421875,235.44215393066406,99,13,-66,-11,5,-4.735231792179735,6.120066541369905,-0.684998154991991
1747809104631,391.0,247.5,307.0,236.0,98,13,-65,-11,5,-4.836084501543135,7.388901818685694,-0.5872489920113653
1747809104631,391.0,247.5,307.0,236.0,98,13,-65,-11,5,-4.836084501543135,7.388901818685694,-0.5872489920113653
1747809104688,392.0,247.5,307.0,235.5,99,14,-66,-11,5,-4.866331948457508,8.661650535828567,-0.465029864634646
1747809104688,392.0,247.5,307.0,235.5,99,14,-66,-11,5,-4.866331948457508,8.661650535828567,-0.465029864634646
1747809104751,393.0,246.5,308.0,235.5,99,13,-66,-11,5,-4.926810856079109,9.30946907275256,-0.2997076678306856
1747809104751,393.0,246.5,308.0,235.5,99,13,-66,-11,5,-4.926810856079109,9.30946907275256,-0.2997076678306856
1747809104809,395.0,247.5,310.5,236.0,99,14,-66,-11,5,-4.969845828811077,9.760485910407343,-0.1471083064208889
1747809104809,395.0,247.5,310.5,236.0,99,14,-66,-11,5,-4.969845828811077,9.760485910407343,-0.1471083064208889
1747809104872,400.5,247.5,315.5,236.0,99,13,-67,-12,5,-5.015605569140464,9.553285512539135,-0.04873531281038801
1747809104872,400.5,247.5,315.5,236.0,99,13,-67,-12,5,-5.015605569140464,9.553285512539135,-0.04873531281038801
1747809104931,407.5,246.0,323.5,236.5,99,13,-67,-11,5,-4.90072098484986,7.192029935089467,-0.10159733417438233
1747809104931,407.5,246.0,323.5,236.5,99,13,-67,-11,5,-4.90072098484986,7.192029935089467,-0.10159733417438233
1747809104989,415.0,246.5,332.0,238.5,99,10,-66,-9,5,-4.895769628184001,4.2564363892927695,-0.2580654025089508
1747809104989,415.0,246.5,332.0,238.5,99,10,-66,-9,5,-4.895769628184001,4.2564363892927695,-0.2580654025089508
1747809105049,419.0,247.0,337.5,239.5,99,9,-67,-10,5,-4.802747587771389,0.7542808921246236,-0.4605567692372077
1747809105049,419.0,247.0,337.5,239.5,99,9,-67,-10,5,-4.802747587771389,0.7542808921246236,-0.4605567692372077
1747809105114,424.0,245.5,342.0,238.5,100,7,-66,-10,5,-4.692722284129053,-2.8921256493922884,-0.6795968022361407
1747809105114,424.0,245.5,342.0,238.5,100,7,-66,-10,5,-4.692722284129053,-2.8921256493922884,-0.6795968022361407
1747809105175,426.5,246.0,344.0,238.5,100,9,-67,-10,5,-4.5134535279591255,-6.160690405269704,-0.8314907790273001
1747809105175,426.5,246.0,344.0,238.5,100,9,-67,-10,5,-4.5134535279591255,-6.160690405269704,-0.8314907790273001
1747809105236,428.0,245.0,346.0,237.0,99,9,-66,-10,5,-4.375824995056874,-9.545367846734582,-1.0008865934012974
1747809105236,428.0,245.0,346.0,237.0,99,9,-66,-10,5,-4.375824995056874,-9.545367846734582,-1.0008865934012974
1747809105291,430.0,245.0,348.0,235.0,100,12,-66,-10,5,-4.278769838247174,-12.806264826544092,-1.0331565779695238
1747809105291,430.0,245.0,348.0,235.0,100,12,-66,-10,5,-4.278769838247174,-12.806264826544092,-1.0331565779695238
1747809105354,432.0,245.5,351.5,234.0,98,13,-64,-12,5,-4.137772414595437,-15.443732091128537,-0.9369035476869225
1747809105354,432.0,245.5,351.5,234.0,98,13,-64,-12,5,-4.137772414595437,-15.443732091128537,-0.9369035476869225
1747809105413,436.0,245.5,354.5,233.0,97,14,-65,-13,5,-4.157093113114641,-17.67756970695745,-0.718771757958141
1747809105413,436.0,245.5,354.5,233.0,97,14,-65,-13,5,-4.157093113114641,-17.67756970695745,-0.718771757958141
1747809105476,439.0,248.0,358.0,232.5,96,19,-64,-15,5,-4.095416225496109,-19.306412469437127,-0.29471686827150645
1747809105476,439.0,248.0,358.0,232.5,96,19,-64,-15,5,-4.095416225496109,-19.306412469437127,-0.29471686827150645
1747809105536,443.5,248.5,363.0,231.5,96,20,-63,-16,5,-4.20397012802087,-19.529835741871302,0.23730006205350218
1747809105536,443.5,248.5,363.0,231.5,96,20,-63,-16,5,-4.20397012802087,-19.529835741871302,0.23730006205350218
1747809105597,446.0,247.5,365.5,230.5,96,20,-64,-17,5,-4.536583246666222,-19.38257075971108,0.8286751685590108
1747809105597,446.0,247.5,365.5,230.5,96,20,-64,-17,5,-4.536583246666222,-19.38257075971108,0.8286751685590108
1747809105655,446.0,245.5,366.0,229.5,95,18,-64,-16,5,-4.856330871865989,-18.735118367841988,1.430097928177906
1747809105655,446.0,245.5,366.0,229.5,95,18,-64,-16,5,-4.856330871865989,-18.735118367841988,1.430097928177906
1747809105715,445.0,244.5,364.0,229.5,96,17,-64,-15,5,-5.064496008730449,-17.888025367449067,2.036317106881228
1747809105715,445.0,244.5,364.0,229.5,96,17,-64,-15,5,-5.064496008730449,-17.888025367449067,2.036317106881228
1747809105773,441.5,242.5,361.5,230.0,95,15,-64,-12,5,-5.405073853614499,-17.044650145757235,2.477575430061483
1747809105773,441.5,242.5,361.5,230.0,95,15,-64,-12,5,-5.405073853614499,-17.044650145757235,2.477575430061483
1747809105836,432.0,241.0,349.5,229.0,98,15,-68,-11,5,-5.5327547518795335,-16.00630098565959,2.64357730311305
1747809105836,432.0,241.0,349.5,229.0,98,15,-68,-11,5,-5.5327547518795335,-16.00630098565959,2.64357730311305
1747809105893,422.0,238.5,337.5,232.5,100,9,-68,-7,5,-5.548967014486245,-14.634562243671919,2.3270752523014924
1747809105893,422.0,238.5,337.5,232.5,100,9,-68,-7,5,-5.548967014486245,-14.634562243671919,2.3270752523014924
1747809105954,410.5,237.0,326.5,234.0,99,4,-67,-4,5,-5.537520923904853,-13.506514218399158,1.589815471467377
1747809105954,410.5,237.0,326.5,234.0,99,4,-67,-4,5,-5.537520923904853,-13.506514218399158,1.589815471467377
1747809106016,401.0,234.5,317.0,236.5,98,-2,-67,-1,5,-5.486213732807192,-11.729805806240574,0.44889764235479745
1747809106016,401.0,234.5,317.0,236.5,98,-2,-67,-1,5,-5.486213732807192,-11.729805806240574,0.44889764235479745
1747809106075,391.5,233.5,309.0,238.0,95,-5,-66,2,5,-5.488436273798703,-9.582866856824298,-1.0732814103594155
1747809106075,391.5,233.5,309.0,238.0,95,-5,-66,2,5,-5.488436273798703,-9.582866856824298,-1.0732814103594155
1747809106132,384.0,231.5,302.5,239.0,95,-8,-64,3,5,-5.320874837538067,-7.5165007102377,-2.819699341050182
1747809106132,384.0,231.5,302.5,239.0,95,-8,-64,3,5,-5.320874837538067,-7.5165007102377,-2.819699341050182
1747809106195,379.5,232.5,298.557861328125,239.4338836669922,94,-8,-65,3,5,-4.878385251467301,-5.335432885656815,-4.540756127002614
1747809106195,379.5,232.5,298.557861328125,239.4338836669922,94,-8,-65,3,5,-4.878385251467301,-5.335432885656815,-4.540756127002614
1747809106255,376.5,231.5,295.0,239.0,94,-9,-64,4,5,-4.5114559631779425,-3.201675732171046,-6.225691578237509
1747809106255,376.5,231.5,295.0,239.0,94,-9,-64,4,5,-4.5114559631779425,-3.201675732171046,-6.225691578237509
1747809106304,375.5,231.5,295.0,238.0,93,-8,-63,3,5,-4.266563940667467,-0.9054838595219588,-7.805572529791305
1747809106304,375.5,231.5,295.0,238.0,93,-8,-63,3,5,-4.266563940667467,-0.9054838595219588,-7.805572529791305
1747809106376,377.0,231.0,296.0,236.0,95,-6,-64,1,5,-3.9474050851933153,0.9052107354969188,-9.130721319126254
1747809106376,377.0,231.0,296.0,236.0,95,-6,-64,1,5,-3.9474050851933153,0.9052107354969188,-9.130721319126254
1747809106435,378.0,231.5,298.0,234.5,94,-3,-63,0,5,-3.853882575654742,2.579224409293407,-10.061533364284793
1747809106435,378.0,231.5,298.0,234.5,94,-3,-63,0,5,-3.853882575654742,2.579224409293407,-10.061533364284793
1747809106491,379.5,230.5,299.5,231.5,93,-1,-64,-2,5,-3.751201640646212,4.055433982275185,-10.51240889709078
1747809106491,379.5,230.5,299.5,231.5,93,-1,-64,-2,5,-3.751201640646212,4.055433982275185,-10.51240889709078
1747809106556,382.0,229.5,301.5,230.5,94,-1,-63,-2,5,-3.6805562682920874,5.330648397381305,-10.688907497921534
1747809106556,382.0,229.5,301.5,230.5,94,-1,-63,-2,5,-3.6805562682920874,5.330648397381305,-10.688907497921534
1747809106614,386.0,230.5,304.5,230.5,95,0,-65,-3,5,-3.623118238358904,5.518216448248802,-10.505185191351128
1747809106614,386.0,230.5,304.5,230.5,95,0,-65,-3,5,-3.623118238358904,5.518216448248802,-10.505185191351128
1747809106676,388.0,230.5,307.0,229.5,95,0,-64,-4,5,-3.552267517385229,5.2894144321235075,-10.133694253684157
1747809106676,388.0,230.5,307.0,229.5,95,0,-64,-4,5,-3.552267517385229,5.2894144321235075,-10.133694253684157
1747809106737,390.0,231.0,308.5,230.5,96,1,-65,-3,5,-3.462457449386647,4.871201349692802,-9.604400135961967
1747809106737,390.0,231.0,308.5,230.5,96,1,-65,-3,5,-3.462457449386647,4.871201349692802,-9.604400135961967
1747809106800,392.0,231.0,309.5,230.5,97,1,-65,-3,5,-3.5574751316747406,4.247302976479377,-9.070537126895738
1747809106800,392.0,231.0,309.5,230.5,97,1,-65,-3,5,-3.5574751316747406,4.247302976479377,-9.070537126895738
1747809106860,391.5,230.5,310.5,230.0,95,0,-65,-3,5,-3.5840594056895267,3.6018915257451223,-8.541018844555625
1747809106860,391.5,230.5,310.5,230.0,95,0,-65,-3,5,-3.5840594056895267,3.6018915257451223,-8.541018844555625
1747809106920,391.5,229.5,309.5,230.0,95,-1,-65,-2,5,-3.543035069690117,3.2803232407664495,-8.079964338187324
1747809106920,391.5,229.5,309.5,230.0,95,-1,-65,-2,5,-3.543035069690117,3.2803232407664495,-8.079964338187324
1747809106977,392.0,231.0,310.0,230.5,97,0,-63,-3,5,0.0,0.0,0.0
1747809106977,392.0,231.0,310.0,230.5,97,0,-63,-3,5,0.0,0.0,0.0
1747809107040,391.0,230.0,308.5,230.5,98,-1,-65,-3,5,0.11882205254350708,-0.10990436122417435,0.1430767082958163
1747809107040,391.0,230.0,308.5,230.5,98,-1,-65,-3,5,0.11882205254350708,-0.10990436122417435,0.1430767082958163
1747809107100,390.0,231.5,307.5,231.5,97,-1,-64,-2,5,0.15324319208961024,0.24469969821690363,0.17143381098051264
1747809107100,390.0,231.5,307.5,231.5,97,-1,-64,-2,5,0.15324319208961024,0.24469969821690363,0.17143381098051264
1747809107157,389.0,231.0,306.5,230.5,98,0,-65,-3,5,0.11361822673531785,0.29962455814749056,0.1860647942137445
1747809107157,389.0,231.0,306.5,230.5,98,0,-65,-3,5,0.11361822673531785,0.29962455814749056,0.1860647942137445
1747809107220,388.5,230.5,306.5,231.5,96,-1,-63,-2,5,0.054522643590547926,0.9388199609938539,0.12151624595688965
1747809107220,388.5,230.5,306.5,231.5,96,-1,-63,-2,5,0.054522643590547926,0.9388199609938539,0.12151624595688965
1747809107281,389.5,231.5,306.5,232.0,98,-1,-64,-2,5,0.08451351835067289,1.3202171875329611,0.10295535436758757
1747809107281,389.5,231.5,306.5,232.0,98,-1,-64,-2,5,0.08451351835067289,1.3202171875329611,0.10295535436758757
1747809107337,389.0,231.0,306.5,231.5,97,-1,-64,-2,5,0.03878387146130846,1.6657665630155307,0.038203686358193434
1747809107337,389.0,231.0,306.5,231.5,97,-1,-64,-2,5,0.03878387146130846,1.6657665630155307,0.038203686358193434
1747809107400,389.5,230.5,307.0,231.5,97,-1,-63,-2,5,0.09482457543082035,2.137751100739907,-0.018817968090709514
1747809107400,389.5,230.5,307.0,231.5,97,-1,-63,-2,5,0.09482457543082035,2.137751100739907,-0.018817968090709514
1747809107456,389.5,230.0,307.5,230.5,97,-1,-64,-3,5,0.10562069078580416,2.8722608272113064,-0.14098002211584687
1747809107456,389.5,230.0,307.5,230.5,97,-1,-64,-3,5,0.10562069078580416,2.8722608272113064,-0.14098002211584687
1747809107520,389.5,230.0,307.5,230.5,95,-1,-65,-3,5,0.1550366102126901,3.207853646018023,-0.19991322260420236
1747809107520,389.5,230.0,307.5,230.5,95,-1,-65,-3,5,0.1550366102126901,3.207853646018023,-0.19991322260420236
1747809107579,391.0,230.5,308.5,230.5,98,-1,-64,-3,5,0.24822054824465756,3.2702290059493855,-0.25789836826106743
1747809107579,391.0,230.5,308.5,230.5,98,-1,-64,-3,5,0.24822054824465756,3.2702290059493855,-0.25789836826106743
1747809107633,390.0,230.5,308.0,230.5,97,-1,-64,-3,5,0.3514690341474278,2.888771660493795,-0.2077895560200394
1747809107633,390.0,230.5,308.0,230.5,97,-1,-64,-3,5,0.3514690341474278,2.888771660493795,-0.2077895560200394
1747809107697,390.0,230.5,308.0333251953125,229.96665954589844,96,0,-64,-4,5,0.34027004424731366,2.4018682984948008,-0.18260397457975247
1747809107697,390.0,230.5,308.0333251953125,229.96665954589844,96,0,-64,-4,5,0.34027004424731366,2.4018682984948008,-0.18260397457975247
1747809107757,391.0,230.5,308.0,230.5,98,-1,-64,-3,5,0.5278560781140302,2.038981580358543,-0.12918832509374217
1747809107757,391.0,230.5,308.0,230.5,98,-1,-64,-3,5,0.5278560781140302,2.038981580358543,-0.12918832509374217
1747809107820,390.0,230.0,308.0,230.5,98,-1,-63,-2,5,0.7700143450441974,1.32590925945318,-0.13546602997114116
1747809107820,390.0,230.0,308.0,230.5,98,-1,-63,-2,5,0.7700143450441974,1.32590925945318,-0.13546602997114116
1747809107879,389.0,230.0,307.0,230.0,96,0,-64,-2,5,0.7964736405034958,1.0772045109120452,-0.10934671158005466
1747809107879,389.0,230.0,307.0,230.0,96,0,-64,-2,5,0.7964736405034958,1.0772045109120452,-0.10934671158005466
1747809107937,390.0,230.0,307.5,230.5,98,-1,-63,-2,5,0.9783894762799692,1.2078150609783318,-0.13753146383769882
1747809107937,390.0,230.0,307.5,230.5,98,-1,-63,-2,5,0.9783894762799692,1.2078150609783318,-0.13753146383769882
1747809107996,388.5,230.0,307.0,230.5,97,-1,-63,-3,5,1.0491104078616704,1.1957162090805564,-0.17643879620180863
1747809107996,388.5,230.0,307.0,230.5,97,-1,-63,-3,5,1.0491104078616704,1.1957162090805564,-0.17643879620180863
1747809108056,388.5,230.5,305.5,230.5,97,-1,-65,-2,5,1.0437490022212104,0.998952060301141,-0.10484939505190899
1747809108056,388.5,230.5,305.5,230.5,97,-1,-65,-2,5,1.0437490022212104,0.998952060301141,-0.10484939505190899
1747809108119,389.0,230.5,307.0,231.5,97,-2,-63,-2,5,1.0679515811953624,0.8099231100748323,-0.11706762611660176
1747809108119,389.0,230.5,307.0,231.5,97,-2,-63,-2,5,1.0679515811953624,0.8099231100748323,-0.11706762611660176
1747809108180,389.0,231.0,306.0333251953125,230.96665954589844,97,0,-64,-3,5,0.0,0.0,0.0
1747809108180,389.0,231.0,306.0333251953125,230.96665954589844,97,0,-64,-3,5,0.0,0.0,0.0
1747809108236,389.0,230.5,306.5,231.5,98,-2,-64,-2,5,-0.020879363204846957,0.4507259608413303,-0.07095022795392125
1747809108236,389.0,230.5,306.5,231.5,98,-2,-64,-2,5,-0.020879363204846957,0.4507259608413303,-0.07095022795392125
1747809108300,388.0,231.0,306.0,231.5,96,-1,-63,-2,5,-0.11431476454201572,0.9189718539468252,-0.1327081534216744
1747809108300,388.0,231.0,306.0,231.5,96,-1,-63,-2,5,-0.11431476454201572,0.9189718539468252,-0.1327081534216744
1747809108364,389.0,230.5,307.0,231.5,97,-1,-63,-1,5,-0.13384032700949167,0.7641433285876928,-0.15906057600226486
1747809108364,389.0,230.5,307.0,231.5,97,-1,-63,-1,5,-0.13384032700949167,0.7641433285876928,-0.15906057600226486
1747809108424,389.0,231.0,305.9666748046875,231.03334045410156,97,-1,-65,-2,5,-0.17931795233996617,1.5935227568287953,-0.17109553269124822
1747809108424,389.0,231.0,305.9666748046875,231.03334045410156,97,-1,-65,-2,5,-0.17931795233996617,1.5935227568287953,-0.17109553269124822
1747809108484,389.0,231.5,307.0,231.5,97,-1,-63,-2,5,0.0,0.0,0.0
1747809108484,389.0,231.5,307.0,231.5,97,-1,-63,-2,5,0.0,0.0,0.0
1747809108540,389.5,230.5,307.0,231.0,96,-1,-64,-2,5,-0.04608640439992673,-0.1490934203626768,0.08563444593304892
1747809108540,389.5,230.5,307.0,231.0,96,-1,-64,-2,5,-0.04608640439992673,-0.1490934203626768,0.08563444593304892
1747809108604,390.0,231.5,308.0,231.5,98,0,-63,-3,5,-0.028638477740869916,-0.3403527442316925,0.1655469335224451
1747809108604,390.0,231.5,308.0,231.5,98,0,-63,-3,5,-0.028638477740869916,-0.3403527442316925,0.1655469335224451
1747809108659,390.5,231.0,308.0,231.5,98,-1,-63,-2,5,0.0,0.0,0.0
1747809108659,390.5,231.0,308.0,231.5,98,-1,-63,-2,5,0.0,0.0,0.0
1747809108717,390.5,231.0,307.5,231.5,97,0,-65,-2,5,-0.029404477011365948,-0.09703291109795487,0.02344836130060657
1747809108717,390.5,231.0,307.5,231.5,97,0,-65,-2,5,-0.029404477011365948,-0.09703291109795487,0.02344836130060657
1747809108781,391.5,231.0,308.5,231.5,98,-1,-64,-2,5,0.10158985874171567,-0.25821938961740365,-0.004254841251957742
1747809108781,391.5,231.0,308.5,231.5,98,-1,-64,-2,5,0.10158985874171567,-0.25821938961740365,-0.004254841251957742
1747809108841,390.5,231.5,308.0,231.5,97,-1,-63,-3,5,0.09239999619226769,0.0832257412505868,-0.005122409418114704
1747809108841,390.5,231.5,308.0,231.5,97,-1,-63,-3,5,0.09239999619226769,0.0832257412505868,-0.005122409418114704
1747809108905,391.0,231.5,308.0,231.5,99,-1,-63,-2,5,0.0,0.0,0.0
1747809108905,391.0,231.5,308.0,231.5,99,-1,-63,-2,5,0.0,0.0,0.0
1747809108961,390.0,231.5,307.5,231.5,97,-1,-64,-3,5,-0.10485882381417477,0.3094947857728574,-0.00376123230169656
1747809108961,390.0,231.5,307.5,231.5,97,-1,-64,-3,5,-0.10485882381417477,0.3094947857728574,-0.00376123230169656
1747809109022,391.0,232.0,307.5,231.5,99,0,-64,-3,5,-0.06997124664728194,-0.46887272043520767,0.0705701189740765
1747809109022,391.0,232.0,307.5,231.5,99,0,-64,-3,5,-0.06997124664728194,-0.46887272043520767,0.0705701189740765
1747809109084,390.0,231.5,308.0,231.5,98,-1,-63,-3,5,0.0,0.0,0.0
1747809109084,390.0,231.5,308.0,231.5,98,-1,-63,-3,5,0.0,0.0,0.0
1747809109143,392.0,232.5,310.0,232.5,98,-1,-62,-2,5,-0.012919077684449665,0.2555019070313964,-0.022267418312637344
1747809109143,392.0,232.5,310.0,232.5,98,-1,-62,-2,5,-0.012919077684449665,0.2555019070313964,-0.022267418312637344
1747809109200,392.0,233.0,310.0,232.5,98,-1,-62,-3,5,0.0371990629513137,0.874949361456764,-0.04658341198848959
1747809109200,392.0,233.0,310.0,232.5,98,-1,-62,-3,5,0.0371990629513137,0.874949361456764,-0.04658341198848959
1747809109261,392.0,232.5,310.0,233.5,98,-1,-62,-2,5,0.0,0.0,0.0
1747809109261,392.0,232.5,310.0,233.5,98,-1,-62,-2,5,0.0,0.0,0.0
1747809109320,391.5,232.0,309.5,232.5,97,-1,-63,-2,5,0.018547454878853564,0.3137325344185786,0.00891411761815103
1747809109320,391.5,232.0,309.5,232.5,97,-1,-63,-2,5,0.018547454878853564,0.3137325344185786,0.00891411761815103
1747809109384,392.0,232.5,310.0,233.5,98,-1,-62,-2,5,0.01523647037313669,0.4906918028890743,0.047348606502052026
1747809109384,392.0,232.5,310.0,233.5,98,-1,-62,-2,5,0.01523647037313669,0.4906918028890743,0.047348606502052026
1747809109443,392.0,232.5,310.0,233.5,98,-2,-62,-2,5,0.06109443950921056,0.51772761910245,0.07632499376269791
1747809109443,392.0,232.5,310.0,233.5,98,-2,-62,-2,5,0.06109443950921056,0.51772761910245,0.07632499376269791
1747809109504,392.0,232.0,310.0,232.5,98,-1,-63,-2,5,0.1007882700628957,0.9505700263367043,0.08467840147331973
1747809109504,392.0,232.0,310.0,232.5,98,-1,-63,-2,5,0.1007882700628957,0.9505700263367043,0.08467840147331973
1747809109563,393.0,232.5,311.0,233.0,98,-2,-62,-2,5,0.22036893744438002,1.2109143469196244,0.10134709813961945
1747809109563,393.0,232.5,311.0,233.0,98,-2,-62,-2,5,0.22036893744438002,1.2109143469196244,0.10134709813961945
1747809109622,393.5,233.5,311.0,233.5,98,-1,-62,-2,5,0.3708314730471671,1.7292967660384875,0.05532208340845185
1747809109622,393.5,233.5,311.0,233.5,98,-1,-62,-2,5,0.3708314730471671,1.7292967660384875,0.05532208340845185
1747809109684,393.0,232.5,310.0,233.0,99,-2,-63,-2,5,0.4948884604759285,2.1690868908697656,0.026991116836445284
1747809109684,393.0,232.5,310.0,233.0,99,-2,-63,-2,5,0.4948884604759285,2.1690868908697656,0.026991116836445284
1747809109730,392.0,232.5,310.5,232.5,97,-1,-63,-2,5,0.48693451482290007,2.17699189624083,0.021374449154826725
1747809109730,392.0,232.5,310.5,232.5,97,-1,-63,-2,5,0.48693451482290007,2.17699189624083,0.021374449154826725
1747809109795,393.0,233.0,310.5,233.5,99,-1,-63,-2,5,0.5547798311548009,2.140860724478289,0.008381813532779891
1747809109795,393.0,233.0,310.5,233.5,99,-1,-63,-2,5,0.5547798311548009,2.140860724478289,0.008381813532779891
1747809109865,392.5,233.0,311.0,233.5,97,-1,-62,-2,5,0.5191590621392552,2.5198243073151794,-0.01969761634622813
1747809109865,392.5,233.0,311.0,233.5,97,-1,-62,-2,5,0.5191590621392552,2.5198243073151794,-0.01969761634622813
1747809109921,392.0,232.5,310.5,233.5,98,-2,-63,-2,5,0.5360711159095302,1.916600929292505,0.009051724738048827
1747809109921,392.0,232.5,310.5,233.5,98,-2,-63,-2,5,0.5360711159095302,1.916600929292505,0.009051724738048827
1747809109988,392.0,233.5,311.0,233.5,97,-1,-62,-2,5,0.5108256762183632,1.75551523708514,0.020679229797996024
1747809109988,392.0,233.5,311.0,233.5,97,-1,-62,-2,5,0.5108256762183632,1.75551523708514,0.020679229797996024
1747809110048,392.0,234.0,310.0,234.5,98,-1,-63,-2,5,0.47845690078771375,1.676575333880697,-0.012188927711044406
1747809110048,392.0,234.0,310.0,234.5,98,-1,-63,-2,5,0.47845690078771375,1.676575333880697,-0.012188927711044406
1747809110108,387.0,233.0,309.5,235.0,96,-2,-61,1,5,0.3218769816515392,1.067595127469497,-0.034775634803719147
1747809110108,387.0,233.0,309.5,235.0,96,-2,-61,1,5,0.3218769816515392,1.067595127469497,-0.034775634803719147
1747809110168,389.0,234.5,309.0,236.5,96,-2,-62,1,5,0.13079018620902616,0.7531688387257933,-0.06087277086875198
1747809110168,389.0,234.5,309.0,236.5,96,-2,-62,1,5,0.13079018620902616,0.7531688387257933,-0.06087277086875198
1747809110223,391.5,233.0,309.5,234.0,98,-1,-63,-1,5,-0.2336628952174835,0.09648684986562373,-0.016737127306496513
1747809110223,391.5,233.0,309.5,234.0,98,-1,-63,-1,5,-0.2336628952174835,0.09648684986562373,-0.016737127306496513
1747809110289,390.5,233.5,307.5,233.5,96,-1,-66,-3,5,-0.4519411779543674,-0.4877538211119923,0.01180342460638717
1747809110289,390.5,233.5,307.5,233.5,96,-1,-66,-3,5,-0.4519411779543674,-0.4877538211119923,0.01180342460638717
1747809110347,392.0,232.5,309.5,233.5,98,-1,-63,-2,5,-0.5671325109393592,-0.7235097438951534,-0.009072146944269832
1747809110347,392.0,232.5,309.5,233.5,98,-1,-63,-2,5,-0.5671325109393592,-0.7235097438951534,-0.009072146944269832
1747809110404,390.5,233.5,308.5,233.5,96,0,-65,-3,5,-0.7829865302100245,-1.0100524119744438,0.026801981314661494
1747809110404,390.5,233.5,308.5,233.5,96,0,-65,-3,5,-0.7829865302100245,-1.0100524119744438,0.026801981314661494
1747809110467,390.0,236.0,311.5,237.5,97,-2,-63,2,5,-0.823581582459056,-1.580282228759641,0.02303515351986052
1747809110467,390.0,236.0,311.5,237.5,97,-2,-63,2,5,-0.823581582459056,-1.580282228759641,0.02303515351986052
1747809110528,392.5,235.0,313.0,235.5,96,-1,-61,0,5,-0.898348489108193,-1.2266008571647067,-0.032418103661314146
1747809110528,392.5,235.0,313.0,235.5,96,-1,-61,0,5,-0.898348489108193,-1.2266008571647067,-0.032418103661314146
1747809110589,393.5,234.0,310.5,234.5,99,-1,-64,-1,5,-0.9203833853536478,-1.545096987343081,-0.03353332357699268
1747809110589,393.5,234.0,310.5,234.5,99,-1,-64,-1,5,-0.9203833853536478,-1.545096987343081,-0.03353332357699268
1747809110644,392.0,234.0,309.5,234.0,97,0,-65,-2,5,-0.9668043419742358,-2.3970984744673807,0.046523571011665155
1747809110644,392.0,234.0,309.5,234.0,97,0,-65,-2,5,-0.9668043419742358,-2.3970984744673807,0.046523571011665155
1747809110704,392.5,232.5,310.5,232.5,97,-1,-65,-3,5,-0.9954062896079421,-2.3671556440248303,0.1358051528206472
1747809110704,392.5,232.5,310.5,232.5,97,-1,-65,-3,5,-0.9954062896079421,-2.3671556440248303,0.1358051528206472
1747809110768,392.5,233.0,310.5,233.0,97,0,-64,-3,5,-0.9922489367789153,-2.425511481944323,0.16828121693018988
1747809110768,392.5,233.0,310.5,233.0,97,0,-64,-3,5,-0.9922489367789153,-2.425511481944323,0.16828121693018988
1747809110828,392.5,233.5,310.5,233.0,96,0,-64,-3,5,-0.8784313839056037,-2.0439131631150858,0.17956610548038582
1747809110828,392.5,233.5,310.5,233.0,96,0,-64,-3,5,-0.8784313839056037,-2.0439131631150858,0.17956610548038582
1747809110884,393.0,232.0,310.0,232.5,98,0,-64,-3,5,-0.8681289411535515,-2.643428527733076,0.23531670363716414
1747809110884,393.0,232.0,310.0,232.5,98,0,-64,-3,5,-0.8681289411535515,-2.643428527733076,0.23531670363716414
1747809110945,393.0,232.5,310.0,232.5,98,0,-65,-3,5,-0.8034236851860044,-3.105478131396109,0.30790155211175824
1747809110945,393.0,232.5,310.0,232.5,98,0,-65,-3,5,-0.8034236851860044,-3.105478131396109,0.30790155211175824
1747809111002,391.5,233.0,309.5,232.5,96,0,-65,-3,5,-0.6798849835395515,-3.2528529746997057,0.28760682315772546
1747809111002,391.5,233.0,309.5,232.5,96,0,-65,-3,5,-0.6798849835395515,-3.2528529746997057,0.28760682315772546
1747809111068,392.0,233.5,309.0,232.5,97,0,-65,-4,5,-0.6308700274877763,-3.712134801595896,0.39424860745844514
1747809111068,392.0,233.5,309.0,232.5,97,0,-65,-4,5,-0.6308700274877763,-3.712134801595896,0.39424860745844514
1747809111128,392.0,233.0,308.5,232.5,98,1,-66,-4,5,-0.6594152437556571,-4.544192337231077,0.4979434206584644
1747809111128,392.0,233.0,308.5,232.5,98,1,-66,-4,5,-0.6594152437556571,-4.544192337231077,0.4979434206584644
1747809111185,391.5,234.0,309.0,233.5,96,0,-65,-3,5,-0.6118578572431574,-4.533031877169324,0.5422777550880722
1747809111185,391.5,234.0,309.0,233.5,96,0,-65,-3,5,-0.6118578572431574,-4.533031877169324,0.5422777550880722
1747809111247,391.5,233.5,308.5,233.5,96,0,-66,-3,5,-0.6739654679788543,-4.189320647792552,0.5480059717451472
1747809111247,391.5,233.5,308.5,233.5,96,0,-66,-3,5,-0.6739654679788543,-4.189320647792552,0.5480059717451472
1747809111308,392.0,232.5,309.0,232.5,97,-1,-65,-3,5,-0.5774265589361676,-4.373370436481639,0.5005450192554575
1747809111308,392.0,232.5,309.0,232.5,97,-1,-65,-3,5,-0.5774265589361676,-4.373370436481639,0.5005450192554575
1747809111367,392.0,233.5,308.5,233.5,98,0,-66,-2,5,-0.4684009426001978,-4.078381794665289,0.45215580524949156
1747809111367,392.0,233.5,308.5,233.5,98,0,-66,-2,5,-0.4684009426001978,-4.078381794665289,0.45215580524949156
1747809111425,389.5,232.5,307.0,233.5,96,-1,-65,-2,5,-0.5496723990684242,-3.919830350097712,0.40116395326202525
1747809111425,389.5,232.5,307.0,233.5,96,-1,-65,-2,5,-0.5496723990684242,-3.919830350097712,0.40116395326202525
1747809111489,388.5,231.0,306.5,232.5,96,-1,-65,-2,5,-0.4895081370560064,-3.394200643021901,0.2985921878865384
1747809111489,388.5,231.0,306.5,232.5,96,-1,-65,-2,5,-0.4895081370560064,-3.394200643021901,0.2985921878865384
1747809111541,388.5,232.5,306.5,231.5,96,1,-66,-4,5,-0.5587625501929865,-3.0839993715070255,0.24967504195962892
1747809111541,388.5,232.5,306.5,231.5,96,1,-66,-4,5,-0.5587625501929865,-3.0839993715070255,0.24967504195962892
1747809111612,388.0,232.5,305.0,233.0,96,-1,-65,-2,5,-0.4944845599832548,-3.0075747266881425,0.21611625626194564
1747809111612,388.0,232.5,305.0,233.0,96,-1,-65,-2,5,-0.4944845599832548,-3.0075747266881425,0.21611625626194564
1747809111672,387.5,232.5,305.5,233.0,96,-1,-65,-2,5,-0.5826415518471717,-2.5394615096714137,0.12631263388066677
1747809111672,387.5,232.5,305.5,233.0,96,-1,-65,-2,5,-0.5826415518471717,-2.5394615096714137,0.12631263388066677
1747809111728,387.5,232.5,304.5,233.0,96,-1,-66,-2,5,-0.6148047370604899,-1.4975994342385892,0.016662546413969748
1747809111728,387.5,232.5,304.5,233.0,96,-1,-66,-2,5,-0.6148047370604899,-1.4975994342385892,0.016662546413969748
1747809111792,386.5,234.5,304.5,234.5,95,-1,-66,-2,5,-0.643649635150831,-1.1737626606826872,-0.08397397283457109
1747809111792,386.5,234.5,304.5,234.5,95,-1,-66,-2,5,-0.643649635150831,-1.1737626606826872,-0.08397397283457109
1747809111848,386.5,233.5,303.5,234.5,96,-1,-66,-2,5,-0.7099309933155409,-0.8284337863252791,-0.12553933889473867
1747809111848,386.5,233.5,303.5,234.5,96,-1,-66,-2,5,-0.7099309933155409,-0.8284337863252791,-0.12553933889473867
1747809111908,385.5,232.5,303.5,233.5,95,-2,-65,-2,5,-0.7745176043709847,0.1695546520581548,-0.20797939428953527
1747809111908,385.5,232.5,303.5,233.5,95,-2,-65,-2,5,-0.7745176043709847,0.1695546520581548,-0.20797939428953527
1747809111957,384.5,234.5,303.0333251953125,234.96665954589844,94,-1,-65,-3,5,-0.7363195501021238,0.42767823349393375,-0.24859333866812727
1747809111957,384.5,234.5,303.0333251953125,234.96665954589844,94,-1,-65,-3,5,-0.7363195501021238,0.42767823349393375,-0.24859333866812727
1747809112019,384.5,234.0,302.5,235.0,96,0,-65,-1,5,-0.7415447093668459,0.33746995924616563,-0.23443371017763381
1747809112019,384.5,234.0,302.5,235.0,96,0,-65,-1,5,-0.7415447093668459,0.33746995924616563,-0.23443371017763381
1747809112078,384.5,232.5,302.0,234.0,96,-2,-65,-1,5,-0.7102097851012101,1.006862431434616,-0.27513160830874395
1747809112078,384.5,232.5,302.0,234.0,96,-2,-65,-1,5,-0.7102097851012101,1.006862431434616,-0.27513160830874395
1747809112138,384.5,234.5,302.0333251953125,234.96665954589844,95,0,-65,-3,5,-0.6755131773583343,1.7726354362366354,-0.31977704070839275
1747809112138,384.5,234.5,302.0333251953125,234.96665954589844,95,0,-65,-3,5,-0.6755131773583343,1.7726354362366354,-0.31977704070839275
1747809112197,384.5,234.5,302.0,235.0,96,-1,-65,-2,5,-0.8476740872564563,2.1270058580052122,-0.36975519765682086
1747809112197,384.5,234.5,302.0,235.0,96,-1,-65,-2,5,-0.8476740872564563,2.1270058580052122,-0.36975519765682086
1747809112273,385.0,233.5,302.0,233.5,98,0,-65,-3,5,-1.0227354204322152,2.569965351659457,-0.3702202319076022
1747809112273,385.0,233.5,302.0,233.5,98,0,-65,-3,5,-1.0227354204322152,2.569965351659457,-0.3702202319076022
1747809112318,385.0,233.5,301.5,234.5,98,-1,-65,-2,5,-1.0255349542986152,2.637184186585168,-0.3600430946400044
1747809112318,385.0,233.5,301.5,234.5,98,-1,-65,-2,5,-1.0255349542986152,2.637184186585168,-0.3600430946400044
1747809112392,384.5,234.0,301.5,234.5,97,-1,-64,-3,5,-1.1282033846285855,3.3186460647615146,-0.3819126596853545
1747809112392,384.5,234.0,301.5,234.5,97,-1,-64,-3,5,-1.1282033846285855,3.3186460647615146,-0.3819126596853545
1747809112452,383.5,234.0,300.9666748046875,234.03334045410156,96,0,-66,-2,5,-1.0606822142590713,3.7198259597267427,-0.4445763416836783
1747809112452,383.5,234.0,300.9666748046875,234.03334045410156,96,0,-66,-2,5,-1.0606822142590713,3.7198259597267427,-0.4445763416836783
1747809112512,384.0,233.5,299.9717102050781,234.03773498535156,98,-2,-66,-2,5,-0.9754393205727152,3.619112152049606,-0.4351913240590347
1747809112512,384.0,233.5,299.9717102050781,234.03773498535156,98,-2,-66,-2,5,-0.9754393205727152,3.619112152049606,-0.4351913240590347
1747809112570,382.0,234.0,300.5,234.5,96,-1,-64,-3,5,-1.137977117746786,3.76251574983902,-0.41838422811281306
1747809112570,382.0,234.0,300.5,234.5,96,-1,-64,-3,5,-1.137977117746786,3.76251574983902,-0.41838422811281306
1747809112622,382.0,233.5,299.5,233.5,96,-1,-65,-3,5,-1.0553490278580253,4.1402532591634955,-0.5054578688522721
1747809112622,382.0,233.5,299.5,233.5,96,-1,-65,-3,5,-1.0553490278580253,4.1402532591634955,-0.5054578688522721
1747809112691,383.0,232.5,299.5,232.5,98,-1,-65,-3,5,-1.0993606208623672,4.488317323161782,-0.5026040925230989
1747809112691,383.0,232.5,299.5,232.5,98,-1,-65,-3,5,-1.0993606208623672,4.488317323161782,-0.5026040925230989
1747809112748,382.0,233.0,299.5,233.5,97,-1,-64,-3,5,-1.0284294842087376,4.334061385614712,-0.5275615575012763
1747809112748,382.0,233.0,299.5,233.5,97,-1,-64,-3,5,-1.0284294842087376,4.334061385614712,-0.5275615575012763
1747809112812,381.5,233.5,298.5,234.0,96,-1,-66,-1,5,-0.983272115894334,4.104283669617958,-0.5059727454048584
1747809112812,381.5,233.5,298.5,234.0,96,-1,-66,-1,5,-0.983272115894334,4.104283669617958,-0.5059727454048584
1747809112873,382.0,231.5,301.0,233.5,99,-4,-63,1,5,-0.6442334975035635,3.6358120789514174,-0.5925061574084941
1747809112873,382.0,231.5,301.0,233.5,99,-4,-63,1,5,-0.6442334975035635,3.6358120789514174,-0.5925061574084941
1747809112929,385.0,233.5,302.0,233.5,97,-1,-66,-1,5,-0.33867979001965987,3.1883769659445793,-0.5586068753556565
1747809112929,385.0,233.5,302.0,233.5,97,-1,-66,-1,5,-0.33867979001965987,3.1883769659445793,-0.5586068753556565
1747809112989,383.5,231.5,303.0,232.0,96,-1,-62,-1,5,-0.01848353858134688,2.0609621489064374,-0.4957146527597166
1747809112989,383.5,231.5,303.0,232.0,96,-1,-62,-1,5,-0.01848353858134688,2.0609621489064374,-0.4957146527597166
1747809113049,384.5,230.5,303.0,230.0,97,0,-63,-2,5,0.10766396129542954,0.6330733520266936,-0.32230963162449977
1747809113049,384.5,230.5,303.0,230.0,97,0,-63,-2,5,0.10766396129542954,0.6330733520266936,-0.32230963162449977
1747809113113,385.0,230.5,302.0,230.5,99,-1,-63,-2,5,0.3956519264031271,-0.45170158267374383,-0.18343263964029632
1747809113113,385.0,230.5,302.0,230.5,99,-1,-63,-2,5,0.3956519264031271,-0.45170158267374383,-0.18343263964029632
1747809113169,385.5,231.5,303.0,230.5,97,0,-64,-3,5,0.7096447794423852,-1.4078536259785661,-0.02532115568125548
1747809113169,385.5,231.5,303.0,230.5,97,0,-64,-3,5,0.7096447794423852,-1.4078536259785661,-0.02532115568125548
1747809113232,387.0,231.0,304.5,231.0,98,0,-64,-2,5,0.8578229433289493,-2.723191304946126,0.21646398404285982
1747809113232,387.0,231.0,304.5,231.0,98,0,-64,-2,5,0.8578229433289493,-2.723191304946126,0.21646398404285982
1747809113292,386.0,231.5,306.5,230.5,95,0,-61,-4,5,0.9282339409235623,-4.245210885200139,0.44641701452198224
1747809113292,386.0,231.5,306.5,230.5,95,0,-61,-4,5,0.9282339409235623,-4.245210885200139,0.44641701452198224
1747809113353,388.0,233.5,308.0,231.5,96,1,-61,-4,5,1.0250711916747721,-6.044005370767171,0.7499319788345753
1747809113353,388.0,233.5,308.0,231.5,96,1,-61,-4,5,1.0250711916747721,-6.044005370767171,0.7499319788345753
1747809113413,388.0,232.5,308.5,230.5,95,1,-62,-4,5,1.2520389432383268,-7.518192771506465,0.9937909684374047
1747809113413,388.0,232.5,308.5,230.5,95,1,-62,-4,5,1.2520389432383268,-7.518192771506465,0.9937909684374047
1747809113476,390.0,232.5,311.5,231.0,96,0,-60,-3,5,1.2246258267263985,-8.803114145310628,1.3326169238747498
1747809113476,390.0,232.5,311.5,231.0,96,0,-60,-3,5,1.2246258267263985,-8.803114145310628,1.3326169238747498
1747809113537,392.0,234.5,312.5,234.0,96,-1,-60,-1,5,1.199417510593324,-9.907442368638378,1.5399365980732673
1747809113537,392.0,234.5,312.5,234.0,96,-1,-60,-1,5,1.199417510593324,-9.907442368638378,1.5399365980732673
1747809113592,395.0,234.5,315.0,234.0,97,0,-61,-2,5,1.0329566336350582,-10.722558822960421,1.8010920371667298
1747809113592,395.0,234.5,315.0,234.0,97,0,-61,-2,5,1.0329566336350582,-10.722558822960421,1.8010920371667298
1747809113656,396.5,235.5,315.5,234.0,97,0,-61,-3,5,1.04299627979151,-11.051614312627038,1.942172792424829
1747809113656,396.5,235.5,315.5,234.0,97,0,-61,-3,5,1.04299627979151,-11.051614312627038,1.942172792424829
1747809113711,395.5,235.5,316.0,233.5,96,1,-60,-3,5,0.904670481425637,-11.936017134119906,2.1469015056915532
1747809113711,395.5,235.5,316.0,233.5,96,1,-60,-3,5,0.904670481425637,-11.936017134119906,2.1469015056915532
1747809113773,395.0,234.5,316.0,233.0,95,0,-60,-3,5,0.8785414840973034,-13.580348905535878,2.3423414267709286
1747809113773,395.0,234.5,316.0,233.0,95,0,-60,-3,5,0.8785414840973034,-13.580348905535878,2.3423414267709286
1747809113836,394.5,235.5,315.0,233.0,94,1,-61,-3,5,0.9833231274249186,-14.282312385627801,2.4837835919886877
1747809113836,394.5,235.5,315.0,233.0,94,1,-61,-3,5,0.9833231274249186,-14.282312385627801,2.4837835919886877
1747809113895,394.0,234.5,314.0,233.0,96,0,-61,-2,5,1.2164011286882386,-14.983690319444547,2.576066259259537
1747809113895,394.0,234.5,314.0,233.0,96,0,-61,-2,5,1.2164011286882386,-14.983690319444547,2.576066259259537
1747809113956,392.0,233.5,313.5,232.5,96,-1,-60,-3,5,1.2699165304223388,-15.636097746114011,2.5634004566215363
1747809113956,392.0,233.5,313.5,232.5,96,-1,-60,-3,5,1.2699165304223388,-15.636097746114011,2.5634004566215363
1747809114016,388.0,232.0,310.0,232.0,95,0,-60,-3,5,1.098660569122052,-16.578339280648507,2.5669806924374017
1747809114016,388.0,232.0,310.0,232.0,95,0,-60,-3,5,1.098660569122052,-16.578339280648507,2.5669806924374017
1747809114076,387.5,232.0,308.5,231.5,94,0,-62,-4,5,1.248815413281673,-16.824543812596833,2.555498246021338
1747809114076,387.5,232.0,308.5,231.5,94,0,-62,-4,5,1.248815413281673,-16.824543812596833,2.555498246021338
1747809114134,387.0,232.5,309.0,231.0,94,0,-61,-3,5,1.2593404723935264,-17.46989962910098,2.5344083847569885
1747809114134,387.0,232.5,309.0,231.0,94,0,-61,-3,5,1.2593404723935264,-17.46989962910098,2.5344083847569885
